"Fixture","Width","Height","BodyStartY","BodyMatch","BeforeSHA256","AfterSHA256","BodySHA256","AfterBodySHA256","Note"
"popup-healthy-english-dark-zoom100.png","440","915","64","True","3E7F1B0525C7C00F8D574AE092A6E93A06ACF8ADB809F6B402DC6DA6D3FFF5BD","23495E99A3F70B54DEE482A6D1DCEF9B178B8928D3C45F06DED96E4277D7AA81","C882814D10E22CB953A09C7181C8F10A8FFB4E9A90A11930A960040DB55F2651","C882814D10E22CB953A09C7181C8F10A8FFB4E9A90A11930A960040DB55F2651",""
"popup-healthy-english-dark-zoom150.png","660","953","96","True","211B59B3188EF7A409849FDD6D76377B8AC1D19B9765DEA3D8D50D7B2043AF73","DCFCD7B2BFCACDE904D9996BD75B94E182FA32DF3AAE10A97A19D124B7C0CF74","85640ADBAE0593043AC5F74B79B2EC1894CF17DBA5EE682A827651432E50EE07","85640ADBAE0593043AC5F74B79B2EC1894CF17DBA5EE682A827651432E50EE07",""
"popup-healthy-english-dark-zoom80.png","352","732","52","True","99FDB2B83FEAD0F25B099BD2DFE9DFF4BD00D9DA6A2840043866D0BC144B66CC","5F93D631D44FD399F25A31B63583D73CCA4729E8173EBE5C7EAB17147BB60018","04E7AAE443A25FCEDE4D1ED724736A4B4BA95D4434A0F4EB0EF0A85B036D2511","04E7AAE443A25FCEDE4D1ED724736A4B4BA95D4434A0F4EB0EF0A85B036D2511",""
"popup-healthy-english-light-zoom100.png","440","915","64","True","D122E14D923E528760FCEBD9CB8EFB37956C820AAD9FBA912C107285F1090174","20131DE49A433387E70D87C4D0828B3B3AFC3844F220EFC5CD13A7594812195B","2785DDADADB10089178AC443DA6B4189F02B4C7F0919C03C099395BF2C69A12E","2785DDADADB10089178AC443DA6B4189F02B4C7F0919C03C099395BF2C69A12E",""
"popup-healthy-english-light-zoom150.png","660","953","96","True","640A270F623A6FC9FEF349727FFAD7526487A117633D243ACEC5BBF3CFB63589","C30D116AD10F4563E9490D401B7C8EC45DEE91D7279533EAFFE87137748A2915","79592CADCBE2657849C71AC681CBFB0D4ACD59E1710E474D006FEA5E4C15BA3B","79592CADCBE2657849C71AC681CBFB0D4ACD59E1710E474D006FEA5E4C15BA3B",""
"popup-healthy-english-light-zoom80.png","352","732","52","True","6DF3917A3C7C353C0977C1737BC101780906F42CCB1CE7ACC2B20097B2F7F851","920D72B8B230853AFC270FF8A379F7215FDD1003C8EF34C12505F9A3202F8148","A0711E9E6E1EF4A198FCDAF02085B9FEF760F16924265FB4272FAFDD20F8D693","A0711E9E6E1EF4A198FCDAF02085B9FEF760F16924265FB4272FAFDD20F8D693",""
"popup-healthy-korean-dark-zoom100.png","440","915","64","True","801577120EB9AEED5DC06B1AF1F9FDA998EC82C80DE8ACBD85E5C08C004780A5","BDCD6FB49D0EA14F290DC9D4A6BDF45DB90822A90BCE5D921E36E6968815F6DD","FF2D786F37CB5FB22BE442F212B43623576E93F6787E042C3F15E6BB55C1AEF1","FF2D786F37CB5FB22BE442F212B43623576E93F6787E042C3F15E6BB55C1AEF1",""
"popup-healthy-korean-dark-zoom150.png","660","953","96","False","B26191787A5CA2BF60467C604BD0380079CB2DBECE7C334D761DE447F68E3CC7","5A075915E0CA66DB7C2686B80115EE7C345CBBC07BC8EEFD1D7B7D05628D8FCF","8C4CC315FB2BA20AF649704EC9D4DC02B81C7EED1EEB59BFDFA65C89C466EC22","88482F01CD45F03635E0B06A013B6EA183BAA8F50B23DCFF18E2FAB790834599","Existing usage ring hover background at capture; same values/layout; visually inspected."
"popup-healthy-korean-dark-zoom80.png","352","732","52","True","3B4886D09B8D80D96CF64296B215DCC302AFC9F3A9982BD674120DAC189B0751","CB7F213E0D3C72E92E8DB5C8D24B90478D1AB7CE5707AFE805F61ACF198AC0D1","BFD7D1E3398864E5373BBD13EB5866BEBABD3DE26172F99B6A0AAF50848321A5","BFD7D1E3398864E5373BBD13EB5866BEBABD3DE26172F99B6A0AAF50848321A5",""
"popup-healthy-korean-light-zoom100.png","440","915","64","True","81415873C6FA4BBD83E0182830ABDEC06A6FC6403CAE81D7EE7F5ECB42383D5D","39463934FDCF142D628A6C0AD1143CB70FD302DEC0DFB5845BF29967D17771F6","7BD1006CEEF87E46200E31C37827E9F4A6565377D5485DA8BCE0C3A16C6AECAA","7BD1006CEEF87E46200E31C37827E9F4A6565377D5485DA8BCE0C3A16C6AECAA",""
"popup-healthy-korean-light-zoom150.png","660","953","96","True","58EDC4EB8F8081863EEB95AAEF2089469ADA6516332665B13FE474CF7195B0FC","97928F81B324E04486CE8167AE3C7C19781B21DB0B69893230496A022C3E050C","260F9BD62CCB71A8E7CD0FEC0BF4546CA9375EA6B136058F969F88C737CA5AB2","260F9BD62CCB71A8E7CD0FEC0BF4546CA9375EA6B136058F969F88C737CA5AB2",""
"popup-healthy-korean-light-zoom80.png","352","732","52","True","94461900A94E4849E19998916C36157D401AC2545C5D090992713443AA2C10F7","99B15E04543DC736C5E091480CABDA4E738F6AE36279FABB21931999F80675E0","5DC98C10C6051EE62E11BDBD41977675618A66402EA25BB4A7DC4729C08144B7","5DC98C10C6051EE62E11BDBD41977675618A66402EA25BB4A7DC4729C08144B7",""
"popup-refreshing-english-dark-zoom100.png","440","915","64","True","69076B277C8DE77D2261276AE59870E1820185063D94B0412DFF298C03A71F7F","BC4E497101137832B71A3515FEDE00FE1177E2D7F417E37B492981052B010E27","C882814D10E22CB953A09C7181C8F10A8FFB4E9A90A11930A960040DB55F2651","C882814D10E22CB953A09C7181C8F10A8FFB4E9A90A11930A960040DB55F2651",""
"popup-refreshing-english-dark-zoom150.png","660","953","96","True","470B9984B6B85062013155306B36FE5F16E7010FC3C7006509049E5F0834BBBA","130FC5FB1766F36EE77C16462181212B16504B1F689526DA43C191EA268BA37D","85640ADBAE0593043AC5F74B79B2EC1894CF17DBA5EE682A827651432E50EE07","85640ADBAE0593043AC5F74B79B2EC1894CF17DBA5EE682A827651432E50EE07",""
"popup-refreshing-english-dark-zoom80.png","352","732","52","True","64152E87B0C2654F021BCE9A21DF941917AED9CC368DC96A597DBEE1644C9E7E","1F489743EDCF98BB47212D659719A3600801B6FC293F10822D94BAE74172D107","04E7AAE443A25FCEDE4D1ED724736A4B4BA95D4434A0F4EB0EF0A85B036D2511","04E7AAE443A25FCEDE4D1ED724736A4B4BA95D4434A0F4EB0EF0A85B036D2511",""
"popup-refreshing-english-light-zoom100.png","440","915","64","True","A9FC830B36B357659AACD78FAD244EA04899CC12E2C3732F8844588976F21D69","3F717EF6ABCEAC0C1F9E337CD2AC0BA5BCD83AE1285112039D0CCBC20436498E","2785DDADADB10089178AC443DA6B4189F02B4C7F0919C03C099395BF2C69A12E","2785DDADADB10089178AC443DA6B4189F02B4C7F0919C03C099395BF2C69A12E",""
"popup-refreshing-english-light-zoom150.png","660","953","96","True","9E5A5E53F50AB55BE96316571D9E4A1501EC3A658BD998D1B83C6495AC598C15","EC1AA9352D036B8B2D459D2F1638F14F6046BE0EC139B087C9BA9442052E0B1D","79592CADCBE2657849C71AC681CBFB0D4ACD59E1710E474D006FEA5E4C15BA3B","79592CADCBE2657849C71AC681CBFB0D4ACD59E1710E474D006FEA5E4C15BA3B",""
"popup-refreshing-english-light-zoom80.png","352","732","52","True","ABD7432BA150FAFF315F828E44FF8D6A038D5B3FA4AD8C33384F51F595D93A28","BA324A4496674BEC31CDDEA6CCA32FA36459FDE3EEA3CC0B1F6D137A2CBDB3AF","A0711E9E6E1EF4A198FCDAF02085B9FEF760F16924265FB4272FAFDD20F8D693","A0711E9E6E1EF4A198FCDAF02085B9FEF760F16924265FB4272FAFDD20F8D693",""
"popup-refreshing-korean-dark-zoom100.png","440","915","64","True","AB75CC096F103220D914E9070912C312985E351368E24183CF3517BAA1E2CAD2","E9C96FE13BA97ED749BEDF46BE2016F45EC9C35F29783B85802FFCECA4661328","FF2D786F37CB5FB22BE442F212B43623576E93F6787E042C3F15E6BB55C1AEF1","FF2D786F37CB5FB22BE442F212B43623576E93F6787E042C3F15E6BB55C1AEF1",""
"popup-refreshing-korean-dark-zoom150.png","660","953","96","False","D52CB6F852F5AA239F96F9A46C788C8799E83A46F24BE39E2867D17D4BAE8B73","95698FB55156ABFE5E3873C7E4AF21FFB65616E63F1A5B329AF98522B967D38F","8C4CC315FB2BA20AF649704EC9D4DC02B81C7EED1EEB59BFDFA65C89C466EC22","88482F01CD45F03635E0B06A013B6EA183BAA8F50B23DCFF18E2FAB790834599","Existing usage ring hover background at capture; same values/layout; visually inspected."
"popup-refreshing-korean-dark-zoom80.png","352","732","52","True","CC3B2D3CED9C8A7E285786AD4EDD2A060629362A2885EDF1848B58F9BD4658C0","3C4964650EAAA345BF2148CD3A5363FFF3F5927E9EAF1F4B33A40C0B5B3E66FF","BFD7D1E3398864E5373BBD13EB5866BEBABD3DE26172F99B6A0AAF50848321A5","BFD7D1E3398864E5373BBD13EB5866BEBABD3DE26172F99B6A0AAF50848321A5",""
"popup-refreshing-korean-light-zoom100.png","440","915","64","True","AD4FA67C230E6507EF83E4FBB888F00B9CDE937A1A809B78BFB2320FE5426C38","BF7F3D95B153250E76225D2622DE77A468AB8BC40F128BE23F932B3A41CE4DA5","7BD1006CEEF87E46200E31C37827E9F4A6565377D5485DA8BCE0C3A16C6AECAA","7BD1006CEEF87E46200E31C37827E9F4A6565377D5485DA8BCE0C3A16C6AECAA",""
"popup-refreshing-korean-light-zoom150.png","660","953","96","True","8DA2931208D9B17581475BB8AB6F7CEDC1773C9A946105DCA94B6CD84B789832","3D9693486F7E3C2BE57152615477D6E7692AB7D252E76B18FA37576E4E5180D6","260F9BD62CCB71A8E7CD0FEC0BF4546CA9375EA6B136058F969F88C737CA5AB2","260F9BD62CCB71A8E7CD0FEC0BF4546CA9375EA6B136058F969F88C737CA5AB2",""
"popup-refreshing-korean-light-zoom80.png","352","732","52","True","361B23662E21A1B7BD6DAA6E79152FC4CFAD08B964E10406E6730468446DB681","D5047B8A885A0A51E86FF978D482C98BA8726C4F632F98647EAFB801B7420D9D","5DC98C10C6051EE62E11BDBD41977675618A66402EA25BB4A7DC4729C08144B7","5DC98C10C6051EE62E11BDBD41977675618A66402EA25BB4A7DC4729C08144B7",""
"popup-warning-english-dark-zoom100.png","440","935","64","True","31D50275AD29183280E111F7C25B2F8F85D739A3B8B35544C67F2BDD57AAAE24","37A8BC29238B7EA784D8E8967D5A3EF8CA87E4B7A9AB40B0B2F1E0846A850243","E477E0C08CF210C0D035BAF8C01BAEE5CBAA7ABE8C27F455B0C60FAAEC03570D","E477E0C08CF210C0D035BAF8C01BAEE5CBAA7ABE8C27F455B0C60FAAEC03570D",""
"popup-warning-english-dark-zoom150.png","660","953","96","True","CDA3C7F6048F86736EBB15D1C93276BCB370CAAE0648882B8CACCA3CE1C815B2","A1BB3660E0D651797E21BE34B4076CB2DFC23069343D2C6D709D04384F754B70","5531C9D0E0BD3E5DBDC57E29233CBF842C9E15F361280BD198CC9FDF383713BF","5531C9D0E0BD3E5DBDC57E29233CBF842C9E15F361280BD198CC9FDF383713BF",""
"popup-warning-english-dark-zoom80.png","352","748","52","True","2116CFA5D729CA08DA22C0E3165970AA109BB6277AE43AFE81B994273147D700","AFB76AF84E52C50ACB63CDFB5A8C6CD8F1EB3F06604E83E3E458B1A5445BD391","D5F036D73DAD4FAC222321A1273139AD8397257A3B9455984895FB49FC5EB3B3","D5F036D73DAD4FAC222321A1273139AD8397257A3B9455984895FB49FC5EB3B3",""
"popup-warning-english-light-zoom100.png","440","935","64","True","559ACEA057E2806FED8C842A29B6A15BE1A61997A479768110779EF74380F39F","C51AB2BE54042E14BCE36B1CFA2691785570EC45E7A234D3AAEB2005734697C2","D6C723DCA01D27FF3F2AC7141A94C058B669ABF127A6EC357B3664E533C592CD","D6C723DCA01D27FF3F2AC7141A94C058B669ABF127A6EC357B3664E533C592CD",""
"popup-warning-english-light-zoom150.png","660","953","96","True","86D42F744A4BE303CCBF913CB265004AFFC7EAD60E516CEFF7EFCAC4E31D2F58","4C3866819EACF424DB43E8EBE782C6A8A34C41A0322891D3AC58F62A45C428AB","F0D906F4B91E2FCF60E36C039F48056E029279E9F99C9EBF399C59C85222138B","F0D906F4B91E2FCF60E36C039F48056E029279E9F99C9EBF399C59C85222138B",""
"popup-warning-english-light-zoom80.png","352","748","52","True","948F3EB13AA71D8F1370D9C1AE8C989F0162EE126F860AD6D0AC89A9D64441F1","CEC1C17CAE507DA866E5558B8904D9D0524646EBC0AEF65A32387D203961E10B","4C63B3012F34A6E0D6E2CA85DC120E91FAAC4166B9E36AC778E630176A0369D3","4C63B3012F34A6E0D6E2CA85DC120E91FAAC4166B9E36AC778E630176A0369D3",""
"popup-warning-korean-dark-zoom100.png","440","935","64","True","EACAEA66F3E1BFDC1EA92794ACA4DD85FA5D1C9BEE6E9B989FDB1C65A84ECDCB","7DBB7A0FB1466568373740BBF847DF17F0EED0F44049C4652AE62E3C0460C0BA","14CF7055BA46F716FD079E3A96FC8DD3D262B50B60741DBFDD292952ACCC77DD","14CF7055BA46F716FD079E3A96FC8DD3D262B50B60741DBFDD292952ACCC77DD",""
"popup-warning-korean-dark-zoom150.png","660","953","96","False","E291A590DEF603189C211C50EEE646B4EB6B370A6D854B9AD3B8A90F39E2BAFD","355BDC5076A4B6D3748DF3F21C6B460E15A379F80D5F8F8C691B49B22811BEF6","8C1F75EA0798BC3109927C28465F07766D2B8F3D36999103344F89DF34293A0B","D5389BD0D4A93DC84520C44F78FEA1D7823E11DDF32E1D78FD9AC81E6AE34825","Existing usage ring hover background at capture; same values/layout; visually inspected."
"popup-warning-korean-dark-zoom80.png","352","748","52","True","5E08CF558FA60698FBB14F590A0ACEC8ACE9CFC5065B470BBD949260AAC3DDDA","1F0C36615940A3111DB75601AF42B46E2CDF736DB5EB61D75E03E90494BF1E36","3FB1EB4DBB83A37D860E3F991BF2EA711F8E9E2360D2AE4B4EA2AFD696DFBA58","3FB1EB4DBB83A37D860E3F991BF2EA711F8E9E2360D2AE4B4EA2AFD696DFBA58",""
"popup-warning-korean-light-zoom100.png","440","935","64","True","F1BE31AD2DD830F3A6BEB40BBDE884A296363E805013767ED95F35488B74A3F3","26F60360DB6766A7964F64B1A5FAB45F33434A89B780A90123012D435167A2BF","84FF07020A1DF661257BB4B7A1C49A9A5E3D1D8CDD19427A70AC2E650084A696","84FF07020A1DF661257BB4B7A1C49A9A5E3D1D8CDD19427A70AC2E650084A696",""
"popup-warning-korean-light-zoom150.png","660","953","96","True","14D3C3F22E4C67E3F85B9FC28C30DEAAB3CB70D045BDDD3E2D9D2FBFC3F4E3E3","230E501C47C893984EC2B148CFAB4E5ADE4AF1076E1B7498BE94B8365AA1C431","17DE537A92CFFB60DDD68E7B8647E595270AC5002EAF30992103B5ED42B2B873","17DE537A92CFFB60DDD68E7B8647E595270AC5002EAF30992103B5ED42B2B873",""
"popup-warning-korean-light-zoom80.png","352","748","52","True","D1C254F47529D8016489146FF8A3D8228E0DEC39445994CA4849FB7013A2800D","29751E4752D3CEBD796087C4FB787D55775F49EB0C8EDB689B0F983454D185A4","768B451F2A35438FA217775816DAD58C478B75755B8C2FA6107E94C527A52C97","768B451F2A35438FA217775816DAD58C478B75755B8C2FA6107E94C527A52C97",""
