"Fixture","Match","BeforeSHA256","AfterSHA256"
"widget-english-dark-zoom100.png","True","BC8C4CB7230794BCD01C3DCB09EE278FB663FAA103E005850E3EE8666B4E738C","BC8C4CB7230794BCD01C3DCB09EE278FB663FAA103E005850E3EE8666B4E738C"
"widget-english-dark-zoom150.png","True","90AAA741CB23D3644657BA26DF9A9A9263A231767A8EF9B5076CB4231C9B66FB","90AAA741CB23D3644657BA26DF9A9A9263A231767A8EF9B5076CB4231C9B66FB"
"widget-english-dark-zoom80.png","True","24356B26B18A7ED380A4850768F5CC4EA50665EDF15A109CB27F9AC7C29C11FF","24356B26B18A7ED380A4850768F5CC4EA50665EDF15A109CB27F9AC7C29C11FF"
"widget-english-light-zoom100.png","True","BCF16BCB9924E3676E92D172FEBD82921F6692B333E4E71BBB795E5A36F60031","BCF16BCB9924E3676E92D172FEBD82921F6692B333E4E71BBB795E5A36F60031"
"widget-english-light-zoom150.png","True","2402B82FC81EB40068821F8A6BF4AF763C501C3621DA876B4C88D1A1CA4DB3B9","2402B82FC81EB40068821F8A6BF4AF763C501C3621DA876B4C88D1A1CA4DB3B9"
"widget-english-light-zoom80.png","True","C8BA2CD6769B3289EB82F5DE3FA56CA71BCAB38B11A264D1216DFC697D10D869","C8BA2CD6769B3289EB82F5DE3FA56CA71BCAB38B11A264D1216DFC697D10D869"
"widget-korean-dark-zoom100.png","True","24BC5E441D9D7458CE59E61090A4651E8F6A3F803C3F0DF563F1942620776DD3","24BC5E441D9D7458CE59E61090A4651E8F6A3F803C3F0DF563F1942620776DD3"
"widget-korean-dark-zoom150.png","True","DB2856FAD00FEEB85D2B63D3571CDF529A92B69117729EF309DAD52D44400AE9","DB2856FAD00FEEB85D2B63D3571CDF529A92B69117729EF309DAD52D44400AE9"
"widget-korean-dark-zoom80.png","True","C7170565C72B1E791EFAFF379C89A358E25EC518C5016D524F2AE276EB461F97","C7170565C72B1E791EFAFF379C89A358E25EC518C5016D524F2AE276EB461F97"
"widget-korean-light-zoom100.png","True","736E27AB7874F87EA68103CF367B9F0FB0180EF010ABE36856C61A067AEC725A","736E27AB7874F87EA68103CF367B9F0FB0180EF010ABE36856C61A067AEC725A"
"widget-korean-light-zoom150.png","True","385AF2AF4B8090B601056E59B96DE65E819F719BEB6C781979469589F252906A","385AF2AF4B8090B601056E59B96DE65E819F719BEB6C781979469589F252906A"
"widget-korean-light-zoom80.png","True","CA74EFC937B7EB5F9579CC72EFD085C8DACE8114E1388B845186D301C8DA32AF","CA74EFC937B7EB5F9579CC72EFD085C8DACE8114E1388B845186D301C8DA32AF"
