"Language","Theme","Zoom","State","Width","Height","GeometryMatch","BodyMatch","BeforeSHA256","AfterSHA256"
"english","dark","80","healthy","352","732","True","True","04E7AAE443A25FCEDE4D1ED724736A4B4BA95D4434A0F4EB0EF0A85B036D2511","04E7AAE443A25FCEDE4D1ED724736A4B4BA95D4434A0F4EB0EF0A85B036D2511"
"english","dark","80","refreshing","352","732","True","True","04E7AAE443A25FCEDE4D1ED724736A4B4BA95D4434A0F4EB0EF0A85B036D2511","04E7AAE443A25FCEDE4D1ED724736A4B4BA95D4434A0F4EB0EF0A85B036D2511"
"english","dark","80","warning","352","748","True","True","D5F036D73DAD4FAC222321A1273139AD8397257A3B9455984895FB49FC5EB3B3","D5F036D73DAD4FAC222321A1273139AD8397257A3B9455984895FB49FC5EB3B3"
"english","dark","100","healthy","440","915","True","True","C882814D10E22CB953A09C7181C8F10A8FFB4E9A90A11930A960040DB55F2651","C882814D10E22CB953A09C7181C8F10A8FFB4E9A90A11930A960040DB55F2651"
"english","dark","100","refreshing","440","915","True","True","C882814D10E22CB953A09C7181C8F10A8FFB4E9A90A11930A960040DB55F2651","C882814D10E22CB953A09C7181C8F10A8FFB4E9A90A11930A960040DB55F2651"
"english","dark","100","warning","440","935","True","True","E477E0C08CF210C0D035BAF8C01BAEE5CBAA7ABE8C27F455B0C60FAAEC03570D","E477E0C08CF210C0D035BAF8C01BAEE5CBAA7ABE8C27F455B0C60FAAEC03570D"
"english","dark","150","healthy","660","953","True","True","85640ADBAE0593043AC5F74B79B2EC1894CF17DBA5EE682A827651432E50EE07","85640ADBAE0593043AC5F74B79B2EC1894CF17DBA5EE682A827651432E50EE07"
"english","dark","150","refreshing","660","953","True","True","85640ADBAE0593043AC5F74B79B2EC1894CF17DBA5EE682A827651432E50EE07","85640ADBAE0593043AC5F74B79B2EC1894CF17DBA5EE682A827651432E50EE07"
"english","dark","150","warning","660","953","True","True","5531C9D0E0BD3E5DBDC57E29233CBF842C9E15F361280BD198CC9FDF383713BF","5531C9D0E0BD3E5DBDC57E29233CBF842C9E15F361280BD198CC9FDF383713BF"
"english","light","80","healthy","352","732","True","True","A0711E9E6E1EF4A198FCDAF02085B9FEF760F16924265FB4272FAFDD20F8D693","A0711E9E6E1EF4A198FCDAF02085B9FEF760F16924265FB4272FAFDD20F8D693"
"english","light","80","refreshing","352","732","True","True","A0711E9E6E1EF4A198FCDAF02085B9FEF760F16924265FB4272FAFDD20F8D693","A0711E9E6E1EF4A198FCDAF02085B9FEF760F16924265FB4272FAFDD20F8D693"
"english","light","80","warning","352","748","True","True","4C63B3012F34A6E0D6E2CA85DC120E91FAAC4166B9E36AC778E630176A0369D3","4C63B3012F34A6E0D6E2CA85DC120E91FAAC4166B9E36AC778E630176A0369D3"
"english","light","100","healthy","440","915","True","True","2785DDADADB10089178AC443DA6B4189F02B4C7F0919C03C099395BF2C69A12E","2785DDADADB10089178AC443DA6B4189F02B4C7F0919C03C099395BF2C69A12E"
"english","light","100","refreshing","440","915","True","True","2785DDADADB10089178AC443DA6B4189F02B4C7F0919C03C099395BF2C69A12E","2785DDADADB10089178AC443DA6B4189F02B4C7F0919C03C099395BF2C69A12E"
"english","light","100","warning","440","935","True","True","D6C723DCA01D27FF3F2AC7141A94C058B669ABF127A6EC357B3664E533C592CD","D6C723DCA01D27FF3F2AC7141A94C058B669ABF127A6EC357B3664E533C592CD"
"english","light","150","healthy","660","953","True","True","79592CADCBE2657849C71AC681CBFB0D4ACD59E1710E474D006FEA5E4C15BA3B","79592CADCBE2657849C71AC681CBFB0D4ACD59E1710E474D006FEA5E4C15BA3B"
"english","light","150","refreshing","660","953","True","True","79592CADCBE2657849C71AC681CBFB0D4ACD59E1710E474D006FEA5E4C15BA3B","79592CADCBE2657849C71AC681CBFB0D4ACD59E1710E474D006FEA5E4C15BA3B"
"english","light","150","warning","660","953","True","True","F0D906F4B91E2FCF60E36C039F48056E029279E9F99C9EBF399C59C85222138B","F0D906F4B91E2FCF60E36C039F48056E029279E9F99C9EBF399C59C85222138B"
"korean","dark","80","healthy","352","732","True","True","BFD7D1E3398864E5373BBD13EB5866BEBABD3DE26172F99B6A0AAF50848321A5","BFD7D1E3398864E5373BBD13EB5866BEBABD3DE26172F99B6A0AAF50848321A5"
"korean","dark","80","refreshing","352","732","True","True","BFD7D1E3398864E5373BBD13EB5866BEBABD3DE26172F99B6A0AAF50848321A5","BFD7D1E3398864E5373BBD13EB5866BEBABD3DE26172F99B6A0AAF50848321A5"
"korean","dark","80","warning","352","748","True","True","3FB1EB4DBB83A37D860E3F991BF2EA711F8E9E2360D2AE4B4EA2AFD696DFBA58","3FB1EB4DBB83A37D860E3F991BF2EA711F8E9E2360D2AE4B4EA2AFD696DFBA58"
"korean","dark","100","healthy","440","915","True","True","FF2D786F37CB5FB22BE442F212B43623576E93F6787E042C3F15E6BB55C1AEF1","FF2D786F37CB5FB22BE442F212B43623576E93F6787E042C3F15E6BB55C1AEF1"
"korean","dark","100","refreshing","440","915","True","True","FF2D786F37CB5FB22BE442F212B43623576E93F6787E042C3F15E6BB55C1AEF1","FF2D786F37CB5FB22BE442F212B43623576E93F6787E042C3F15E6BB55C1AEF1"
"korean","dark","100","warning","440","935","True","False","C3CB09E2396515A62C1A684761E78355AF7CB1F5E2DB3040AD726690C9A15F62","14CF7055BA46F716FD079E3A96FC8DD3D262B50B60741DBFDD292952ACCC77DD"
"korean","dark","150","healthy","660","953","True","True","8C4CC315FB2BA20AF649704EC9D4DC02B81C7EED1EEB59BFDFA65C89C466EC22","8C4CC315FB2BA20AF649704EC9D4DC02B81C7EED1EEB59BFDFA65C89C466EC22"
"korean","dark","150","refreshing","660","953","True","True","8C4CC315FB2BA20AF649704EC9D4DC02B81C7EED1EEB59BFDFA65C89C466EC22","8C4CC315FB2BA20AF649704EC9D4DC02B81C7EED1EEB59BFDFA65C89C466EC22"
"korean","dark","150","warning","660","953","True","True","8C1F75EA0798BC3109927C28465F07766D2B8F3D36999103344F89DF34293A0B","8C1F75EA0798BC3109927C28465F07766D2B8F3D36999103344F89DF34293A0B"
"korean","light","80","healthy","352","732","True","True","5DC98C10C6051EE62E11BDBD41977675618A66402EA25BB4A7DC4729C08144B7","5DC98C10C6051EE62E11BDBD41977675618A66402EA25BB4A7DC4729C08144B7"
"korean","light","80","refreshing","352","732","True","True","5DC98C10C6051EE62E11BDBD41977675618A66402EA25BB4A7DC4729C08144B7","5DC98C10C6051EE62E11BDBD41977675618A66402EA25BB4A7DC4729C08144B7"
"korean","light","80","warning","352","748","True","True","768B451F2A35438FA217775816DAD58C478B75755B8C2FA6107E94C527A52C97","768B451F2A35438FA217775816DAD58C478B75755B8C2FA6107E94C527A52C97"
"korean","light","100","healthy","440","915","True","True","7BD1006CEEF87E46200E31C37827E9F4A6565377D5485DA8BCE0C3A16C6AECAA","7BD1006CEEF87E46200E31C37827E9F4A6565377D5485DA8BCE0C3A16C6AECAA"
"korean","light","100","refreshing","440","915","True","True","7BD1006CEEF87E46200E31C37827E9F4A6565377D5485DA8BCE0C3A16C6AECAA","7BD1006CEEF87E46200E31C37827E9F4A6565377D5485DA8BCE0C3A16C6AECAA"
"korean","light","100","warning","440","935","True","True","84FF07020A1DF661257BB4B7A1C49A9A5E3D1D8CDD19427A70AC2E650084A696","84FF07020A1DF661257BB4B7A1C49A9A5E3D1D8CDD19427A70AC2E650084A696"
"korean","light","150","healthy","660","953","True","True","260F9BD62CCB71A8E7CD0FEC0BF4546CA9375EA6B136058F969F88C737CA5AB2","260F9BD62CCB71A8E7CD0FEC0BF4546CA9375EA6B136058F969F88C737CA5AB2"
"korean","light","150","refreshing","660","953","True","True","260F9BD62CCB71A8E7CD0FEC0BF4546CA9375EA6B136058F969F88C737CA5AB2","260F9BD62CCB71A8E7CD0FEC0BF4546CA9375EA6B136058F969F88C737CA5AB2"
"korean","light","150","warning","660","953","True","True","17DE537A92CFFB60DDD68E7B8647E595270AC5002EAF30992103B5ED42B2B873","17DE537A92CFFB60DDD68E7B8647E595270AC5002EAF30992103B5ED42B2B873"
