"Configuration","Trial","Phase","ComparisonEligible","ComparisonReasons","SampleCount","UiProbeCount","LastGcSnapshotSampleCount","CodexStartsBefore","CodexStartsAfter","CodexStartsDelta","CodexQuotaRequestsBefore","CodexQuotaRequestsAfter","CodexQuotaRequestsDelta","ClaudeLiveRequestsBefore","ClaudeLiveRequestsAfter","ClaudeLiveRequestsDelta","CursorUsageRequestsBefore","CursorUsageRequestsAfter","CursorUsageRequestsDelta","CursorHttpRequestsBefore","CursorHttpRequestsAfter","CursorHttpRequestsDelta","ClaudeHistoryReadCallsBefore","ClaudeHistoryReadCallsAfter","ClaudeHistoryReadCallsDelta","WorkingSetMedianMiB","PrivateWorkingSetMedianMiB","PrivateMedianMiB","ManagedAllocatedMedianMiB","LastGcHeapMedianMiB","LastGcCommittedMedianMiB","LastGcFragmentedMedianMiB","NonGcPrivateCommitResidualEstimateMedianMiB","HandleCountMedian","GdiObjectCountMedian","UserObjectCountMedian","ThreadCountMedian","DurationMilliseconds","CpuMilliseconds","CpuOneCorePercent","AllocatedBytesApproxDelta","Gen0CollectionsDelta","Gen1CollectionsDelta","Gen2CollectionsDelta","GcPauseMillisecondsDelta","UiDueP50Milliseconds","UiDueP95Milliseconds","UiDueMaxMilliseconds","UiQueueP50Milliseconds","UiQueueP95Milliseconds","UiQueueMaxMilliseconds"
"default","1","warmup",,"Default baseline; no paired comparison.","20","40","0","2","2","0","2","2","0","2","2","0","1","1","0","3","3","0","4","24","20","88.917969","19.984375","25.896484","6.660923","","","","","542","16","19","8","20000.5967","625","3.124907","1755544","0","0","0","0","0.00915","1.0262","3.3985","0.09695","1.18134","3.3455"
"default","1","tray-idle",,"Default baseline; no paired comparison.","30","60","0","2","2","0","2","2","0","2","2","0","1","1","0","3","3","0","24","54","30","92.175781","22.355469","28.234375","8.728775","","","","","539","16","17","18","29999.8542","156.25","0.520836","2564832","0","0","0","0","0","0.82164","3.3122","0.05545","0.18893","4.265"
"default","1","flyout-visible",,"Default baseline; no paired comparison.","30","60","0","2","4","2","2","4","2","2","4","2","1","2","1","3","6","3","54","86","32","190.632813","79.074219","131","28.146053","","","","","805","37","35","18","30020.6186","2796.875","9.316514","16102856","0","0","0","0","0.00895","14.05503","166.3064","0.0659","9.856835","166.9888"
"default","1","tray-after-flyout",,"Default baseline; no paired comparison.","30","60","0","4","4","0","4","4","0","4","4","0","2","2","0","6","6","0","86","116","30","193.070313","79.886719","134.613281","32.469917","","","","","802","37","35","21","30000.4373","62.5","0.20833","4530496","0","0","0","0","9.4187","25.669035","54.6386","0.3669","11.68412","11.988"
"default","1","widget-visible",,"Default baseline; no paired comparison.","30","60","21","4","6","2","4","6","2","4","6","2","2","3","1","6","9","3","116","148","32","221.914063","102.144531","164.222656","13.437691","6.282867","52.699219","0.088387","112.046875","797","45","37","18","30009.0587","2843.75","9.476305","19342496","1","0","0","17.064","0.3425","31.39651","50.6123","0.1204","31.91606","32.9367"
"default","1","post-refresh-widget",,"Default baseline; no paired comparison.","30","60","30","8","8","0","8","8","0","8","8","0","4","4","0","12","12","0","152","178","26","222.125","100.976563","173.613281","35.795605","6.282867","52.699219","0.088387","120.914063","797","45","38","18","29999.1623","593.75","1.979222","7284656","0","0","0","0","25.26415","26.12597","26.5985","25.45175","26.91127","27.3342"
"default","1","tray-after-refresh",,"Default baseline; no paired comparison.","30","60","30","8","10","2","8","10","2","8","10","2","4","5","1","12","15","3","180","202","22","222.257813","101.023438","172.332031","42.983742","6.282867","52.699219","0.088387","119.632813","797","45","38","16","29999.5162","343.75","1.145852","19355192","1","1","0","15.384","25.32555","26.123645","26.3157","25.75425","26.82728","27.6518"
"conserve5","1","warmup","True","","20","40","0","2","2","0","2","2","0","2","2","0","1","1","0","3","3","0","4","24","20","88.716797","19.900391","25.880859","6.609589","","","","","538","16","17","8","20000.4362","687.5","3.437425","1756920","0","0","0","0","0","2.41411","8.6773","0.09645","0.25481","0.595"
"conserve5","1","tray-idle","True","","30","60","0","2","2","0","2","2","0","2","2","0","1","1","0","3","3","0","24","54","30","92.027344","22.273438","28.117188","8.722038","","","","","539","16","17","18","30000.2286","140.625","0.468746","2616608","0","0","0","0","0","0.763985","0.7712","0.06205","0.16066","0.5681"
"conserve5","1","flyout-visible","True","","30","60","6","2","4","2","2","4","2","2","4","2","1","2","1","3","6","3","54","86","32","193.007813","79.546875","127.720703","21.44873","4.990051","29.066406","0.065201","97.894531","801.5","37","35","18","29999.1982","2578.125","8.59398","15830048","1","1","1","14.296","0.2302","8.916775","82.0165","0.06465","9.501545","82.1333"
"conserve5","1","tray-after-flyout","True","","30","60","30","4","4","0","4","4","0","4","4","0","2","2","0","6","6","0","86","116","30","193.675781","80.183594","127.597656","6.80806","4.990051","29.066406","0.065201","98.53125","786","37","34","20","30000.3006","0","0","2630104","0","0","0","0","0","0.75498","5.0448","0.0591","0.18572","0.5362"
"conserve5","1","widget-visible","True","","30","60","30","4","6","2","4","6","2","4","6","2","2","3","1","6","9","3","116","148","32","207.080078","88.927734","144.574219","10.177841","5.729332","29.066406","0.028374","115.507813","791","45","36","17","29999.0255","2140.625","7.135648","19543248","1","1","0","12.774","0","1.28576","4.4957","0.06765","0.171655","0.3798"
"conserve5","1","post-refresh-widget","True","","30","60","30","8","8","0","8","8","0","8","8","0","4","4","0","12","12","0","152","182","30","197.875","76.546875","147.886719","12.557987","7.046638","29.066406","0.050301","118.820313","792","45","36","17","30001.835","515.625","1.718645","3811088","0","0","0","0","0.0219","2.890315","3.1566","0.0643","0.284695","0.4387"
"conserve5","1","tray-after-refresh","True","","30","60","30","8","10","2","8","10","2","8","10","2","4","5","1","12","15","3","182","214","32","197.316406","75.9375","145.71875","16.655609","7.046638","29.066406","0.050301","116.652344","792","45","36","17","30000.3725","171.875","0.57291","16775368","0","0","0","0","0","2.659085","16.1785","0.07365","0.24518","0.7774"
"conserve7","1","warmup","True","","20","40","0","2","2","0","2","2","0","2","2","0","1","1","0","3","3","0","4","24","20","88.810547","19.816406","25.763672","6.560875","","","","","539","16","18","8","20002.6391","1156.25","5.780487","1737736","0","0","0","0","0.0078","1.559995","1.821","0.0934","0.182905","1.0693"
"conserve7","1","tray-idle","True","","30","60","0","2","2","0","2","2","0","2","2","0","1","1","0","3","3","0","24","54","30","91.5625","21.84375","27.710938","8.637184","","","","","538","16","17","18","30000.6872","390.625","1.302054","2569152","0","0","0","0","0","2.4191","16.6653","0.0605","0.099135","0.5535"
"conserve7","1","flyout-visible","True","","30","60","10","2","4","2","2","4","2","2","4","2","1","2","1","3","6","3","54","86","32","189.894531","79.423828","127.105469","15.18742","4.952347","29.003906","0.065224","96.458984","799","37","34","18","29999.7606","2875","9.58341","15499816","1","1","1","19.175","0.26985","10.64895","147.1032","0.07995","10.534065","144.803"
"conserve7","1","tray-after-flyout","True","","30","60","30","4","4","0","4","4","0","4","4","0","2","2","0","6","6","0","86","116","30","189.304688","75.652344","126.789063","7.146938","4.952347","29.003906","0.065224","97.785156","782","37","34","20","29999.8937","62.5","0.208334","2625336","0","0","0","0","0.03635","1.539","2.9705","0.05765","0.089305","0.6857"
"conserve7","1","widget-visible","True","","30","60","30","4","6","2","4","6","2","4","6","2","2","3","1","6","9","3","116","148","32","200.214844","81.384766","143.859375","10.474312","5.692375","29.003906","0.026978","114.855469","794","45","37","17","30000.7258","2187.5","7.29149","19598488","1","1","0","11.351","0","2.672625","5.1953","0.0595","0.09378","0.1435"
"conserve7","1","post-refresh-widget","True","","30","60","30","8","8","0","8","8","0","8","8","0","4","4","0","12","12","0","152","182","30","198.105469","76.796875","149.027344","12.440281","6.532127","29.003906","0.039665","120.023438","796","45","37","18","29999.7867","578.125","1.927097","3798648","0","0","0","0","0","0.75019","0.899","0.058","0.077155","0.1228"
"conserve7","1","tray-after-refresh","True","","30","60","30","8","10","2","8","10","2","8","10","2","4","5","1","12","15","3","182","214","32","199.238281","77.898438","147.449219","16.54319","6.532127","29.003906","0.039665","118.445313","793","45","36","18","30014.3892","484.375","1.613809","17639400","0","0","0","0","0.04995","7.31586","11.8254","0.06455","0.60513","1.2909"
"concurrent-off","1","warmup","True","","20","40","0","2","2","0","2","2","0","2","2","0","1","1","0","3","3","0","4","24","20","88.769531","19.894531","25.744141","6.632561","","","","","538","16","17","8","20000.806","578.125","2.890509","1775352","0","0","0","0","0","7.771425","20.6632","0.0962","0.25441","0.9482"
"concurrent-off","1","tray-idle","True","","30","60","0","2","2","0","2","2","0","2","2","0","1","1","0","3","3","0","24","54","30","92.046875","22.238281","27.988281","8.71125","","","","","539","16","17","19","29999.056","125","0.41668","2577664","0","0","0","0","0.28","10.7911","24.5129","0.06525","1.046255","1.7904"
"concurrent-off","1","flyout-visible","True","","30","60","0","2","4","2","2","4","2","2","4","2","1","2","1","3","6","3","54","86","32","193.539063","80.902344","129.476563","28.117783","","","","","808","37","35","18","29999.7828","2250","7.500054","16128328","0","0","0","0","0.51075","8.54896","174.1736","0.09835","5.702565","163.6694"
"concurrent-off","1","tray-after-flyout","True","","30","60","0","4","4","0","4","4","0","4","4","0","2","2","0","6","6","0","86","116","30","197.021484","84.162109","132.201172","32.433514","","","","","800","37","35","20","30005.6711","31.25","0.104147","4495976","0","0","0","0","1.70735","6.57164","13.6734","0.3125","5.607225","7.6015"
"concurrent-off","1","widget-visible","True","","30","60","21","4","6","2","4","6","2","4","6","2","2","3","1","6","9","3","116","148","32","225.609375","106.011719","164.476563","13.349091","6.294579","52.792969","0.088287","111.980469","792","45","36","17","30001.0336","2937.5","9.791329","19446056","1","0","0","19.737","0.08135","32.937845","33.6145","0.06615","20.017905","29.0434"
"concurrent-off","1","post-refresh-widget","True","","30","60","30","8","8","0","8","8","0","8","8","0","4","4","0","12","12","0","152","174","22","225.648438","104.822266","172.492188","35.699757","6.294579","52.792969","0.088287","119.699219","794","45","38","17","30000.3467","484.375","1.614565","6878536","0","0","0","0","16.9384","17.517615","33.3016","17.2267","18.85332","33.639"
"concurrent-off","1","tray-after-refresh","True","","30","60","30","8","10","2","8","10","2","8","10","2","4","5","1","12","15","3","174","200","26","225.710938","104.796875","171.003906","42.800285","6.294579","52.792969","0.088287","118.210938","795","45","37.5","15","29999.9097","343.75","1.145837","20075904","1","1","0","26.354","16.97965","18.51667","33.6646","17.4207","19.615795","34.7899"
"concurrent-off","2","warmup","True","","20","40","0","2","2","0","2","2","0","2","2","0","1","1","0","3","3","0","4","24","20","88.835938","19.986328","25.792969","6.571781","","","","","539","16","18","8","20010.4457","640.625","3.201453","1808720","0","0","0","0","0.11875","10.825325","12.3389","0.0941","0.526205","0.6177"
"concurrent-off","2","tray-idle","True","","30","60","0","2","2","0","2","2","0","2","2","0","1","1","0","3","3","0","24","54","30","92.115234","22.314453","28.09375","8.703232","","","","","538","16","17","19","30000.2111","109.375","0.364581","2575080","0","0","0","0","0.14505","9.55226","11.7603","0.0602","0.162765","0.8681"
"concurrent-off","2","flyout-visible","True","","30","60","0","2","4","2","2","4","2","2","4","2","1","2","1","3","6","3","54","86","32","193.0625","79.925781","128.351563","28.119137","","","","","804","37","35","18","30000.2746","2375","7.916594","16093232","0","0","0","0","1.94345","8.948925","122.8792","0.0827","8.03337","118.623"
"concurrent-off","2","tray-after-flyout","True","","30","60","0","4","4","0","4","4","0","4","4","0","2","2","0","6","6","0","86","116","30","196.4375","83.054688","129.541016","32.423122","","","","","796","37","34","20","30000.4527","31.25","0.104165","4481800","0","0","0","0","0","8.542245","9.0348","0.05545","8.682485","8.8756"
"concurrent-off","2","widget-visible","True","","30","60","21","4","6","2","4","6","2","4","6","2","2","3","1","6","9","3","116","148","32","226.28125","106.371094","163.957031","14.734688","6.422356","52.699219","0.09127","111.925781","801","45","38","17","29999.3942","1531.25","5.10427","20627520","1","0","0","15.757","0.11305","18.671625","19.2587","0.0805","19.42348","19.551"
"concurrent-off","2","post-refresh-widget","True","","30","60","30","8","8","0","8","8","0","8","8","0","4","4","0","12","12","0","152","172","20","226.363281","105.074219","172.773438","38.276516","6.422356","52.699219","0.09127","120.074219","799","45","38","17","29999.717","437.5","1.458347","6712216","0","0","0","0","18.95525","20.588365","34.0384","19.28075","21.11117","30.3301"
"concurrent-off","2","tray-after-refresh","True","","30","60","30","8","10","2","8","10","2","8","10","2","4","5","1","12","15","3","172","200","28","226.839844","105.511719","171.484375","45.211594","6.422356","52.699219","0.09127","118.785156","797","45","37","15","30000.1282","312.5","1.041662","20227784","1","1","0","16.527","18.5276","20.68372","20.7925","18.8397","20.86063","21.5906"
"conserve7","2","warmup","True","","20","40","0","2","2","0","2","2","0","2","2","0","1","1","0","3","3","0","4","24","20","88.945313","20.128906","26.150391","6.585468","","","","","536","16","17","8","20001.4793","609.375","3.04665","1759504","0","0","0","0","0.00725","9.26325","10.5029","0.09205","0.184725","0.8612"
"conserve7","2","tray-idle","True","","30","60","0","2","2","0","2","2","0","2","2","0","1","1","0","3","3","0","24","54","30","92.080078","22.326172","28.175781","8.660744","","","","","537","16","17","18","29999.4272","125","0.416675","2566888","0","0","0","0","0.1477","8.49157","12.5063","0.06695","0.19427","0.5908"
"conserve7","2","flyout-visible","True","","30","60","0","2","4","2","2","4","2","2","4","2","1","2","1","3","6","3","54","86","32","194.921875","81.53125","131.703125","28.860958","","","","","805","37","35","17","30000.8814","2406.25","8.020598","16943344","0","0","0","0","0.4029","14.4652","153.8215","0.09155","14.751485","153.9095"
"conserve7","2","tray-after-flyout","True","","30","60","0","4","4","0","4","4","0","4","4","0","2","2","0","6","6","0","86","116","30","197.658203","84.082031","133.267578","33.188934","","","","","798","37","34","20","30000.0297","0","0","4469816","0","0","0","0","0.0736","4.31179","4.556","0.0597","4.538775","4.5738"
"conserve7","2","widget-visible","True","","30","60","21","4","6","2","4","6","2","4","6","2","2","3","1","6","9","3","116","148","32","225.796875","105.78125","164.71875","15.244072","9.817871","52.699219","3.586472","112.324219","795","45","37","20","29999.6592","1968.75","6.562575","20602616","1","0","0","13.202","0","14.85788","31.2503","0.06285","15.93662","31.487"
"conserve7","2","post-refresh-widget","True","","30","60","30","8","8","0","8","8","0","8","8","0","4","4","0","12","12","0","152","180","28","226.324219","104.96875","173.964844","37.93372","9.817871","52.699219","3.586472","121.265625","795","45","38","15","30000.6349","390.625","1.302056","7419680","0","0","0","0","13.99455","14.963995","15.2417","14.1089","15.84883","16.2559"
"conserve7","2","tray-after-refresh","True","","30","60","30","8","10","2","8","10","2","8","10","2","4","5","1","12","15","3","180","208","28","226","104.582031","172.574219","45.413689","9.817871","52.699219","3.586472","119.875","793.5","45","37","15","30000.2862","156.25","0.520828","20292488","1","1","0","14.948","14.06485","14.73915","14.8673","14.6767","15.801885","15.9391"
"conserve5","2","warmup","True","","20","40","0","2","2","0","2","2","0","2","2","0","1","1","0","3","3","0","4","24","20","88.734375","19.904297","25.917969","6.633221","","","","","537","16","17","8","20001.4554","593.75","2.968534","1734280","0","0","0","0","0","0.39867","0.9001","0.08875","0.18051","0.7012"
"conserve5","2","tray-idle","True","","30","60","0","2","2","0","2","2","0","2","2","0","1","1","0","3","3","0","24","54","30","91.912109","22.160156","27.988281","8.710247","","","","","538","16","17","18","30000.1636","218.75","0.729163","2582632","0","0","0","0","0.27465","14.88632","20.8309","0.07105","1.052675","10.9666"
"conserve5","2","flyout-visible","True","","30","60","0","2","4","2","2","4","2","2","4","2","1","2","1","3","6","3","54","86","32","194.105469","81.339844","129.355469","28.100151","","","","","802","37","35","18","29998.8794","2593.75","8.646156","16146688","0","0","0","0","0","12.582055","104.7166","0.06905","0.50218","104.8295"
"conserve5","2","tray-after-flyout","True","","30","60","9","4","4","0","4","4","0","4","4","0","2","2","0","6","6","0","86","116","30","196.177734","82.689453","131.308594","31.150036","5.033539","29.097656","0.158867","100.101563","796","37","34","20","29999.0493","31.25","0.10417","3922760","1","1","1","17.524","0.00235","3.43687","3.5919","0.0562","3.47135","4.1077"
"conserve5","2","widget-visible","True","","30","60","30","4","6","2","4","6","2","4","6","2","2","3","1","6","9","3","116","148","32","206.140625","87.796875","145.296875","8.052887","6.014671","29.097656","0.125587","116.199219","793","45","37","17","30000.4004","2000","6.666578","19661688","1","1","0","11.508","0","0.430955","0.5376","0.05165","0.08031","0.2062"
"conserve5","2","post-refresh-widget","True","","30","60","30","8","8","0","8","8","0","8","8","0","4","4","0","12","12","0","152","182","30","202.355469","80.699219","150.023438","10.342178","7.183777","29.097656","0.144386","120.925781","796","45","37","17","29999.9965","515.625","1.71875","3809096","0","0","0","0","0","0.62625","1.0201","0.05885","0.07533","0.1439"
"conserve5","2","tray-after-refresh","True","","30","60","30","8","10","2","8","10","2","8","10","2","4","5","1","12","15","3","182","214","32","203.181641","81.486328","150.783203","14.447617","7.183777","29.097656","0.144386","121.685547","794","45","36","17","29999.6998","93.75","0.312503","16755744","0","0","0","0","0","0.585325","0.9719","0.0546","0.099805","0.2266"
"default","2","warmup",,"Default baseline; no paired comparison.","20","40","0","2","2","0","2","2","0","2","2","0","1","1","0","3","3","0","4","24","20","88.792969","19.9375","25.851563","6.60812","","","","","537","16","17","8","20001.7382","625","3.124728","1762480","0","0","0","0","0.01575","1.166575","4.9751","0.0895","0.15549","0.6103"
"default","2","tray-idle",,"Default baseline; no paired comparison.","30","60","0","2","2","0","2","2","0","2","2","0","1","1","0","3","3","0","24","54","30","91.753906","22.025391","27.802734","8.679115","","","","","538","16","17","18","30000.514","125","0.41666","2579312","0","0","0","0","0.00365","3.023455","6.9179","0.0598","0.098735","0.2534"
"default","2","flyout-visible",,"Default baseline; no paired comparison.","30","60","0","2","4","2","2","4","2","2","4","2","1","2","1","3","6","3","54","86","32","198.277344","85.664063","131.257813","28.003952","","","","","804","37","35","18","30000.8286","2218.75","7.395629","16163272","0","0","0","0","0.1486","3.935115","59.1322","0.07095","4.33947","57.8636"
"default","2","tray-after-flyout",,"Default baseline; no paired comparison.","30","60","0","4","4","0","4","4","0","4","4","0","2","2","0","6","6","0","86","116","30","202.605469","89.992188","135.146484","32.438873","","","","","796","37","34","20","30000.5036","62.5","0.20833","4460384","0","0","0","0","0.34735","3.27559","3.5396","0.0582","3.520785","4.232"
"default","2","widget-visible",,"Default baseline; no paired comparison.","30","60","21","4","6","2","4","6","2","4","6","2","2","3","1","6","9","3","116","146","30","225.833984","106.042969","164.078125","14.684521","6.391495","52.699219","0.091171","111.578125","796","45","37","18","30000.2808","2437.5","8.124924","20542496","1","0","0","18.143","0.56215","17.665215","19.7035","0.06595","18.166875","20.0961"
"default","2","post-refresh-widget",,"Default baseline; no paired comparison.","30","60","30","8","8","0","8","8","0","8","8","0","4","4","0","12","12","0","152","178","26","226.28125","105.023438","171.787109","37.327023","6.391495","52.699219","0.091171","119.087891","793.5","45","37.5","18","30000.9877","515.625","1.718693","7246920","0","0","0","0","17.72035","19.369285","20.5421","17.70115","19.997005","20.7871"
"default","2","tray-after-refresh",,"Default baseline; no paired comparison.","30","60","30","8","10","2","8","10","2","8","10","2","4","5","1","12","15","3","178","204","26","225.623047","104.353516","169.714844","44.668724","6.391495","52.699219","0.091171","117.015625","795","45","37","16","29999.1595","203.125","0.677102","19996992","1","1","0","12.925","18.071","19.074","50.0392","18.3503","19.875835","40.1487"
"conserve5","3","warmup","True","","20","40","0","2","2","0","2","2","0","2","2","0","1","1","0","3","3","0","4","24","20","88.648438","19.845703","25.703125","6.537235","","","","","539","16","18","8","20001.7763","484.375","2.42166","1726776","0","0","0","0","0.00395","0.84751","1.3329","0.0937","0.383915","0.7943"
"conserve5","3","tray-idle","True","","30","60","0","2","2","0","2","2","0","2","2","0","1","1","0","3","3","0","24","54","30","91.929688","22.183594","27.953125","8.647697","","","","","538","16","17","18","30000.0084","78.125","0.260417","2620912","0","0","0","0","0","0.80706","0.9443","0.06645","0.322155","0.4013"
"conserve5","3","flyout-visible","True","","30","60","0","2","4","2","2","4","2","2","4","2","1","2","1","3","6","3","54","86","32","195.451172","83.675781","132.609375","27.92588","","","","","802","37","35","18","29999.2368","1906.25","6.354328","16135088","0","0","0","0","0.08505","5.963175","28.7851","0.06905","6.449805","28.8262"
"conserve5","3","tray-after-flyout","True","","30","60","0","4","4","0","4","4","0","4","4","0","2","2","0","6","6","0","86","116","30","197.886719","85.320313","133.152344","32.254814","","","","","796","37","34","20","29998.7694","0","0","4474552","0","0","0","0","0.2063","5.72575","6.2368","0.07025","5.41871","6.6167"
"conserve5","3","widget-visible","True","","30","60","21","4","6","2","4","6","2","4","6","2","2","3","1","6","9","3","116","148","32","228.050781","108.378906","166.783203","14.784523","10.432556","52.699219","4.090355","114.277344","796","45","37","17","30000.7851","2062.5","6.87482","20706960","1","0","0","13.427","0.2392","17.51623","28.7236","0.14715","17.88565","18.3266"
"conserve5","3","post-refresh-widget","True","","30","60","30","8","8","0","8","8","0","8","8","0","4","4","0","12","12","0","152","182","30","210.492188","89.335938","157.078125","7.162483","5.775253","36.625","0.015099","120.453125","793","45","37","18","30000.5356","671.875","2.239543","4219504","1","1","1","17.782","0.36095","19.4789","27.9765","0.1288","1.728035","16.7919"
"conserve5","3","tray-after-refresh","False","Active request count differs at phase end: CodexStarts, default=8, configuration=10. Active request count differs at phase end: CodexQuotaRequests, default=8, configuration=10. Active request count differs at phase end: ClaudeLiveRequests, default=8, configuration=10. Active request count differs at phase end: CursorUsageRequests, default=4, configuration=5. Active request count differs at phase end: CursorHttpRequests, default=12, configuration=15.","30","60","30","8","10","2","8","10","2","8","10","2","4","5","1","12","15","3","182","214","32","210.878906","89.667969","157.414063","11.122684","5.775253","36.625","0.015099","120.789063","791","45","36","15","29999.7233","187.5","0.625006","16736792","0","0","0","0","0.0197","7.594235","22.4242","0.1197","1.20036","9.0096"
"conserve7","3","warmup","True","","20","40","0","2","2","0","2","2","0","2","2","0","1","1","0","3","3","0","4","24","20","88.964844","20.130859","26.113281","6.665398","","","","","538","16","18","8","20001.4552","812.5","4.062204","1809688","0","0","0","0","0","0.71858","1.0899","0.1015","0.313725","0.8565"
"conserve7","3","tray-idle","True","","30","60","0","2","2","0","2","2","0","2","2","0","1","1","0","3","3","0","24","54","30","92.019531","22.253906","28.277344","8.729675","","","","","537","16","17","19","30000.0833","125","0.416666","2556160","0","0","0","0","0","0.68693","12.1124","0.0575","0.120035","0.4896"
"conserve7","3","flyout-visible","True","","30","60","0","2","4","2","2","4","2","2","4","2","1","2","1","3","6","3","54","86","32","197.507813","83.613281","132.783203","28.587898","","","","","806","37","35","17","30000.241","2296.875","7.656188","16572704","0","0","0","0","0.12865","11.44304","11.995","0.0525","10.873975","12.149"
"conserve7","3","tray-after-flyout","True","","30","60","24","4","4","0","4","4","0","4","4","0","2","2","0","6","6","0","86","116","30","196.177734","82","128.472656","6.28656","5.039864","29.097656","0.15905","99.375","784","37","34","20","30000.3269","15.625","0.052083","3078040","1","1","1","16.481","0","10.870405","11.429","0.055","3.845515","11.9659"
"conserve7","3","widget-visible","True","","30","60","30","4","6","2","4","6","2","4","6","2","2","3","1","6","9","3","116","148","32","210.798828","92.087891","149.236328","9.257599","5.946205","29.101563","0.123619","120.136719","791","45","37","20","30000.6582","2000","6.66652","19525112","1","1","0","12.139","0","0.59315","0.6606","0.05085","0.090505","0.3722"
"conserve7","3","post-refresh-widget","True","","30","60","30","8","8","0","8","8","0","8","8","0","4","4","0","12","12","0","152","176","24","212.271484","90.650391","159.445313","31.743942","5.946205","29.101563","0.123619","130.34375","795","45","38","15","30000.0841","468.75","1.562496","7034624","0","0","0","0","28.49085","32.26212","32.7325","28.8704","32.742785","33.5953"
"conserve7","3","tray-after-refresh","False","Active request count differs at phase end: CodexStarts, default=8, configuration=10. Active request count differs at phase end: CodexQuotaRequests, default=8, configuration=10. Active request count differs at phase end: ClaudeLiveRequests, default=8, configuration=10. Active request count differs at phase end: CursorUsageRequests, default=4, configuration=5. Active request count differs at phase end: CursorHttpRequests, default=12, configuration=15.","30","60","30","8","10","2","8","10","2","8","10","2","4","5","1","12","15","3","178","200","22","218.857422","97.236328","163.896484","38.942051","5.946205","29.101563","0.123619","134.638672","793","45","37","15","30000.9441","265.625","0.885389","19494992","1","0","0","7.752","28.85555","32.477545","32.8726","29.4413","33.068315","34.0654"
"concurrent-off","3","warmup","True","","20","40","0","2","2","0","2","2","0","2","2","0","1","1","0","3","3","0","4","24","20","88.636719","19.925781","25.820313","6.678352","","","","","538","16","18","8","20000.8772","531.25","2.656134","1767104","0","0","0","0","0","1.315035","1.9477","0.1002","1.02322","1.2495"
"concurrent-off","3","tray-idle","True","","30","60","0","2","2","0","2","2","0","2","2","0","1","1","0","3","3","0","24","54","30","91.738281","22.033203","27.832031","8.752289","","","","","537","16","17","18","30000.2292","171.875","0.572912","2565104","0","0","0","0","0","0.979335","1.7078","0.0565","1.19659","1.5595"
"concurrent-off","3","flyout-visible","True","","30","60","0","2","4","2","2","4","2","2","4","2","1","2","1","3","6","3","54","86","32","192.039063","79.564453","129.371094","28.032032","","","","","803","37","36","18","29999.6533","1875","6.250072","16157528","0","0","0","0","3.9376","6.84938","57.983","4.312","7.026375","58.4661"
"concurrent-off","3","tray-after-flyout","True","","30","60","0","4","4","0","4","4","0","4","4","0","2","2","0","6","6","0","86","116","30","195.552734","82.947266","131.681641","32.518661","","","","","795","37","35","20","30000.1439","78.125","0.260415","4486344","0","0","0","0","4.29475","5.330875","7.597","4.49185","5.936225","7.983"
"concurrent-off","3","widget-visible","True","","30","60","20","4","6","2","4","6","2","4","6","2","2","3","1","6","9","3","116","146","30","225.25","105.566406","164.509766","14.75666","6.473953","52.792969","0.091301","111.929688","795","45","37","17","30000.7745","2265.625","7.551888","20412184","1","0","0","15.016","0.518","25.24223","70.1511","0.0975","25.73612","70.6213"
"concurrent-off","3","post-refresh-widget","True","","30","60","30","8","8","0","8","8","0","8","8","0","4","4","0","12","12","0","150","178","28","225.144531","104.03125","172.339844","37.328896","6.473953","52.792969","0.091301","119.546875","795","45","38","17","29999.9466","578.125","1.927087","7431072","0","0","0","0","20.06665","25.020025","25.8656","20.69855","25.533065","26.3528"
"concurrent-off","3","tray-after-refresh","False","Active request count differs at phase end: CodexStarts, default=8, configuration=10. Active request count differs at phase end: CodexQuotaRequests, default=8, configuration=10. Active request count differs at phase end: ClaudeLiveRequests, default=8, configuration=10. Active request count differs at phase end: CursorUsageRequests, default=4, configuration=5. Active request count differs at phase end: CursorHttpRequests, default=12, configuration=15.","30","60","30","8","10","2","8","10","2","8","10","2","4","5","1","12","15","3","178","208","30","225.636719","104.445313","172.703125","44.776886","6.473953","52.792969","0.091301","119.910156","791","45","37","15","30000.4326","203.125","0.677074","20339040","1","1","0","14.78","20.33605","25.515165","27.8424","20.88245","25.814295","27.5816"
"default","3","warmup",,"Default baseline; no paired comparison.","20","40","0","2","2","0","2","2","0","2","2","0","1","1","0","3","3","0","4","24","20","88.875","20.037109","25.992188","6.653561","","","","","539","16","18","8","20001.1163","687.5","3.437308","1729816","0","0","0","0","0","0.63637","1.2027","0.08455","0.37764","0.602"
"default","3","tray-idle",,"Default baseline; no paired comparison.","30","60","0","2","2","0","2","2","0","2","2","0","1","1","0","3","3","0","24","54","30","91.992188","22.230469","27.96875","8.722908","","","","","538","16","17","18","30000.8277","125","0.416655","2569952","0","0","0","0","0","0.40032","0.9804","0.05165","0.3152","0.9743"
"default","3","flyout-visible",,"Default baseline; no paired comparison.","30","60","0","2","4","2","2","4","2","2","4","2","1","2","1","3","6","3","54","86","32","194.011719","80.9375","130.011719","28.066048","","","","","809","37","36","18","30000.8442","2218.75","7.395625","16152136","0","0","0","0","0.0047","0.87783","53.0351","0.0499","0.74984","52.4362"
"default","3","tray-after-flyout",,"Default baseline; no paired comparison.","30","60","0","4","4","0","4","4","0","4","4","0","2","2","0","6","6","0","86","116","30","195.929688","82.773438","131.021484","32.370319","","","","","799","37","34","20","29999.4975","0","0","4477696","0","0","0","0","0.1399","0.87394","1.8871","0.04665","0.663285","1.3081"
"default","3","widget-visible",,"Default baseline; no paired comparison.","30","60","20","4","6","2","4","6","2","4","6","2","2","3","1","6","9","3","118","144","26","225.914063","105.929688","165.519531","14.974907","10.19648","52.699219","3.936775","114.0625","796","45","37","17","29999.5512","921.875","3.072963","20057104","1","0","0","13.775","0.2687","243.440875","321.4185","0.13575","243.35613","322.1906"
"default","3","post-refresh-widget",,"Default baseline; no paired comparison.","30","60","30","8","8","0","8","8","0","8","8","0","4","4","0","12","12","0","148","168","20","225.871094","104.386719","173.726563","37.165337","10.19648","52.699219","3.936775","121.027344","793","45","38","18","30000.8951","468.75","1.562453","6661224","0","0","0","0","24.50455","25.759605","26.519","24.95015","26.033305","27.0789"
"default","3","tray-after-refresh",,"Default baseline; no paired comparison.","30","60","30","8","8","0","8","8","0","8","8","0","4","4","0","12","12","0","170","180","10","226.011719","104.492188","172.140625","43.528519","10.19648","52.699219","3.936775","119.441406","791","45","37","15","29999.7314","31.25","0.104168","6269592","0","0","0","0","24.3507","25.092555","26.5947","24.60335","25.88979","26.9304"
