"Build","Trial","Phase","CpuOneCorePercent","FirstSampledSpanCpuOneCorePercent","LastSampledSpanCpuOneCorePercent","FirstSampledSpanSeconds","LastSampledSpanSeconds","Samples","UiProbes","LastGcSnapshotSamples","UiQueueP50","UiQueueP95","UiQueueMax","UiDueP95","Gen0","Gen1","Gen2","GcPauseMilliseconds","AllocatedMiB","Changed","ClaudeHistoryReads"
"idle-after","1","tray-idle","0.677068282105422","0.6559265154085431","0.16496293127209308","9.528506399999998","9.471824900000001","30","60","0","0.05024999999841384","0.09753500000333588","0.18519999999989523","0.5822049999993395","0","0","0","0","2.450958251953125","0","30"
"idle-after","1","flyout-visible","7.500102751407693","10.644255139808953","0.5115278405206454","9.835117500000003","9.16372410000001","30","60","0","0.056349999995291","10.70269000000044","90.89890000000014","10.30135500000033","0","0","0","0","16.018417358398438","9","32"
"idle-after","1","tray-after-flyout","0.3124808168026565","0","0.67953489761252","9.803008899999995","9.1974673","30","60","0","0.0507999999972526","10.913989999995827","11.771099999998114","10.758309999995253","0","0","0","0","4.318641662597656","0","30"
"idle-after","1","widget-visible","8.75004307937876","16.286760760635094","0.16779313581638183","9.689618600000003","9.312061499999999","30","60","21","14.207500000004075","21.079529999991063","21.41229999999632","20.6281950000026","1","0","0","15.574","22.88451385498047","9","30"
"idle-after","1","post-refresh-widget","2.291669111113719","6.258448048446203","0.16425894071664074","9.487176299999987","9.512419800000004","30","60","30","10.564700000002631","21.940060000010998","36.06539999999222","20.763570000007167","0","0","0","0","7.4790191650390625","0","28"
"idle-after","1","tray-after-refresh","0.9374869626813052","1.1733182484924005","1.7758568686331064","9.321852800000016","9.678426400000006","30","60","30","0.10200000001350418","21.11205000001355","21.67310000001453","20.592674999994053","1","1","0","13.237","20.193115234375","9","30"
"idle-after","2","tray-idle","0.36458031460832835","0.3254337255727884","0","9.602569599999999","9.397739399999999","30","60","0","0.05529999999635038","0.24873999999508664","0.4474999999983993","0.7630499999992025","0","0","0","0","2.4522705078125","0","30"
"idle-after","2","flyout-visible","6.458413955867551","8.294367043817777","0","9.984185599999996","9.015229300000001","30","60","0","0.06120000000009895","15.645944999997297","65.16879999999946","15.422535000004425","0","0","0","0","16.08922576904297","9","32"
"idle-after","2","tray-after-flyout","0.05208538237227587","0","0.17270237615368927","9.950799199999992","9.047356699999995","30","60","0","0.04524999999557622","15.761124999991443","16.777200000011362","16.15679500000697","0","0","0","0","4.268760681152344","0","30"
"idle-after","2","widget-visible","8.176975206464517","16.902891787038747","0","9.79861919999999","9.201468500000004","30","60","21","27.743900000001304","35.50061500000011","36.21719999999914","34.70259500000757","1","0","0","14.594","21.38408660888672","9","26"
"idle-after","2","post-refresh-widget","2.1354332874557542","6.675506835218839","0","9.596649599999978","9.403288099999997","30","60","30","32.562799999985145","35.364999999996506","36.33240000001388","35.08989500002936","0","0","0","0","7.2841033935546875","0","26"
"idle-after","2","tray-after-refresh","1.4062653564176917","1.186807183335074","2.874580533542997","9.21590310000002","9.784036200000003","30","60","30","28.18510000000242","35.597775000000546","37.66829999999027","35.1856600000232","1","1","0","13.587000000000002","20.78692626953125","9","28"
"idle-after","3","tray-idle","0.2604179079920281","0.32610386628326443","0","9.582836400000001","9.417209","30","60","0","0.05099999999947613","0.07110499999998865","0.08989999999903375","1.0514050000001574","0","0","0","0","2.4533920288085938","0","30"
"idle-after","3","flyout-visible","7.447965028786252","6.228738684956356","0.15672881122014187","9.030720799999997","9.969449699999998","30","60","0","0.05459999999948195","18.85491000000111","45.48019999999815","18.24549500000139","0","0","0","0","16.834014892578125","9","32"
"idle-after","3","tray-after-flyout","0","0","0","9.980939000000006","9.022637399999994","30","60","0","0.05320000000210712","18.550844999998663","18.922300000005635","17.973354999999717","0","0","0","0","4.271217346191406","0","30"
"idle-after","3","widget-visible","7.395965622505102","13.828739840078892","0","9.830071399999994","9.168801000000002","30","60","21","22.66019999999844","29.259705000001123","29.98420000000624","28.878344999984257","1","0","0","16.026","22.61792755126953","9","28"
"idle-after","3","post-refresh-widget","1.875018431431181","5.845353397648293","0","9.623028099999999","9.376399400000025","30","60","30","28.05429999998887","29.464184999983992","30.50460000001476","28.971089999977266","0","0","0","0","7.260246276855469","0","26"
"idle-after","3","tray-after-refresh","0.7291506934054763","0.6534684374274218","1.655727596749911","9.56434870000001","9.436938800000007","30","60","30","27.84244999999646","29.297074999980396","29.742800000007264","28.933359999999812","1","1","0","13.425","19.839218139648438","9","26"
"idle-after-optimized","1","tray-idle","0.5208176324177747","0.6530125810762134","0","9.571025400000003","9.430113599999999","30","60","0","0.04965000000083819","0.07579499999883403","0.25120000000606524","0.7514499999988401","0","0","0","0","2.4637680053710938","0","30"
"idle-after-optimized","1","flyout-visible","6.979082080191853","9.947526375206177","0","9.895676199999997","9.10360200000001","30","60","0","0.05340000000069267","0.10227999999697188","71.90860000000248","0.783114999999816","0","0","0","0","15.746849060058594","9","32"
"idle-after-optimized","1","tray-after-flyout","0.05208521395679193","0","0","9.850272399999994","9.148753499999998","30","60","0","0.04340000000229338","0.10323000000207684","0.1200000000098953","0.6963099999957194","0","0","0","0","4.339530944824219","0","30"
"idle-after-optimized","1","widget-visible","6.145808893499968","8.787450469154095","0.16316065655555806","9.423950699999992","9.576450800000003","30","60","18","22.84604999999283","86.95253499999085","149.45279999999912","86.19233999998683","1","0","0","16.542","20.804428100585938","9","12"
"idle-after-optimized","1","post-refresh-widget","1.666703300805218","5.4217450797392255","0","9.22212300000001","9.776424899999995","30","60","30","22.776450000004843","23.85073000000557","24.2502000000095","22.888544999991428","0","0","0","0","5.602897644042969","0","6"
"idle-after-optimized","1","tray-after-refresh","1.3541669239583822","0","3.948326153065321","9.897392700000012","9.101958300000007","30","60","30","22.715849999993225","23.7402849999984","24.176799999986542","22.91343499999639","1","1","0","14.850999999999999","19.637596130371094","9","23"
"idle-after-optimized","2","tray-idle","0.36458032676090535","0.3253666603748564","0","9.604548899999998","9.395726199999999","30","60","0","0.05559999999968568","0.3419499999999969","0.49930000000313157","0.562184999994497","0","0","0","0","2.4626846313476562","0","30"
"idle-after-optimized","2","flyout-visible","6.14606967019905","8.595746534047464","0","9.9976773","9.001772200000005","30","60","0","0.39289999999891734","2.395910000002914","55.91599999999744","1.6958749999874272","0","0","0","0","15.752220153808594","9","32"
"idle-after-optimized","2","tray-after-flyout","0","0","0","9.964241799999996","9.036166399999999","30","60","0","1.4151000000056229","2.479875000008178","3.372700000007171","1.9863749999924036","0","0","0","0","4.274444580078125","0","30"
"idle-after-optimized","2","widget-visible","4.999997800000971","5.3033545635033486","0","9.133370099999993","9.866452199999998","30","60","19","17.754850000004808","35.309990000002934","94.65380000000005","34.56890999999005","1","0","0","14.197","20.838912963867188","9","12"
"idle-after-optimized","2","post-refresh-widget","1.614588241681587","4.87750678548674","0","9.930790900000005","9.068515300000001","30","60","30","17.622849999999744","19.628179999976417","19.854500000015832","18.71026999998721","0","0","0","0","6.3968963623046875","0","16"
"idle-after-optimized","2","tray-after-refresh","1.0937795502775167","0","3.4479492070977793","9.481878899999998","9.516526499999998","30","59","30","17.67129999998724","23.37398000000665","501.0429000000004","22.30542000000112","1","1","0","13.711000000000002","18.389022827148438","9","8"
"idle-after-optimized","3","tray-idle","0.31250475215559775","0.16246013280328248","0","9.6177442","9.381565300000005","30","60","0","0.050299999998969724","0.35085499999440795","0.38739999999961583","0.8901699999971242","0","0","0","0","2.4705123901367188","0","30"
"idle-after-optimized","3","flyout-visible","6.041756386749011","3.775119922518615","0","9.105671000000001","9.893477599999997","30","60","0","0.2143000000032771","18.59533500000034","63.00640000000567","17.707849999994504","0","0","0","0","15.795585632324219","9","32"
"idle-after-optimized","3","tray-after-flyout","0","0","0","9.069819200000012","9.9288746","30","60","0","0.08310000000346918","17.39363999999332","18.699599999992643","17.230364999994343","0","0","0","0","4.2753143310546875","0","30"
"idle-after-optimized","3","widget-visible","7.395825666327393","16.016783398156537","0","9.950499800000003","9.049170500000002","30","60","21","16.66240000000107","31.834985000003506","32.115200000000186","31.809240000000138","1","0","0","13.904","22.296432495117188","9","28"
"idle-after-optimized","3","post-refresh-widget","1.6145706697173796","4.9642565330589665","0","9.75725159999999","9.243376900000015","30","60","30","16.687100000010105","31.91027999999642","32.351900000008754","31.97615999998816","0","0","0","0","7.432472229003906","0","28"
"idle-after-optimized","3","tray-after-refresh","0.15624777763577613","0.5076713445210131","0","9.233335799999992","9.767677399999997","30","60","30","16.43630000000121","32.109040000014645","32.45569999999134","31.908304999998656","0","0","0","0","7.1506805419921875","0","20"
