"Trial","Phase","Eligible","Reasons","WorkingSetMiBBefore","WorkingSetMiBAfter","WorkingSetMiBDelta","PrivateWorkingSetMiBBefore","PrivateWorkingSetMiBAfter","PrivateWorkingSetMiBDelta","PrivateBytesMiBBefore","PrivateBytesMiBAfter","PrivateBytesMiBDelta","ManagedAllocatedMiBBefore","ManagedAllocatedMiBAfter","ManagedAllocatedMiBDelta","LastGcHeapMiBBefore","LastGcHeapMiBAfter","LastGcHeapMiBDelta","LastGcCommittedMiBBefore","LastGcCommittedMiBAfter","LastGcCommittedMiBDelta","LastGcFragmentedMiBBefore","LastGcFragmentedMiBAfter","LastGcFragmentedMiBDelta","NonGcPrivateCommitResidualEstimateMiBBefore","NonGcPrivateCommitResidualEstimateMiBAfter","NonGcPrivateCommitResidualEstimateMiBDelta","HandleCountBefore","HandleCountAfter","HandleCountDelta","GdiObjectCountBefore","GdiObjectCountAfter","GdiObjectCountDelta","UserObjectCountBefore","UserObjectCountAfter","UserObjectCountDelta","ThreadCountBefore","ThreadCountAfter","ThreadCountDelta","CpuOneCorePercentBefore","CpuOneCorePercentAfter","CpuOneCorePercentDelta","CpuMillisecondsBefore","CpuMillisecondsAfter","CpuMillisecondsDelta","AllocatedBytesApproxDeltaBefore","AllocatedBytesApproxDeltaAfter","AllocatedBytesApproxDeltaDelta","Gen0CollectionsDeltaBefore","Gen0CollectionsDeltaAfter","Gen0CollectionsDeltaDelta","Gen1CollectionsDeltaBefore","Gen1CollectionsDeltaAfter","Gen1CollectionsDeltaDelta","Gen2CollectionsDeltaBefore","Gen2CollectionsDeltaAfter","Gen2CollectionsDeltaDelta","GcPauseMillisecondsDeltaBefore","GcPauseMillisecondsDeltaAfter","GcPauseMillisecondsDeltaDelta","UiQueueP50MillisecondsBefore","UiQueueP50MillisecondsAfter","UiQueueP50MillisecondsDelta","UiQueueP95MillisecondsBefore","UiQueueP95MillisecondsAfter","UiQueueP95MillisecondsDelta","UiQueueMaxMillisecondsBefore","UiQueueMaxMillisecondsAfter","UiQueueMaxMillisecondsDelta","UiDueP50MillisecondsBefore","UiDueP50MillisecondsAfter","UiDueP50MillisecondsDelta","UiDueP95MillisecondsBefore","UiDueP95MillisecondsAfter","UiDueP95MillisecondsDelta","UiDueMaxMillisecondsBefore","UiDueMaxMillisecondsAfter","UiDueMaxMillisecondsDelta","DurationMillisecondsBefore","DurationMillisecondsAfter","SampleCountBefore","SampleCountAfter","UiProbeCountBefore","UiProbeCountAfter","LastGcSnapshotSampleCountBefore","LastGcSnapshotSampleCountAfter"
"1","tray-idle","True","","92.5390625","94.5703125","2.03125","22.265625","22.875","0.609375","28.37109375","29.0234375","0.65234375","8.67490005493164","9.212043762207031","0.5371437072753906","","","","","","","","","","","","","484","468","-16","16","16","0","17","17","0","18","18","0","0.7291821544956283","0.5208176324177747","-0.2083645220778536","218.75","156.25","-62.5","2570992","2583448","12456","0","0","0","0","0","0","0","0","0","0","0","0","0.05504999999902793","0.04965000000083819","-0.005399999998189742","0.13345499999795718","0.07579499999883403","-0.05765999999912315","0.5489999999990687","0.25120000000606524","-0.29779999999300344","0","0","0","0.9034899999965998","0.7514499999988401","-0.15203999999775974","1.1816999999973632","1.0048999999999069","-0.17679999999745633","29999.362799999995","30000.904400000003","30","30","60","60","0","0"
"1","flyout-visible","True","","198.765625","203.94921875","5.18359375","82.453125","85.21875","2.765625","140.34375","151.7265625","11.3828125","28.924156188964844","30.01830291748047","1.094146728515625","","","","","","","","","","","","","777","761","-16","37","38","1","37","37","0","18","18","0","6.458116469782278","6.979082080191853","0.5209656104095748","1937.5","2093.75","156.25","16955304","16511768","-443536","0","0","0","0","0","0","0","0","0","0","0","0","0.054199999998672865","0.05340000000069267","-0.0007999999979801942","0.10867000000544061","0.10227999999697188","-0.0063900000084687325","163.81289999999717","71.90860000000248","-91.90429999999469","0","0","0","0.6808499999930063","0.783114999999816","0.10226500000680971","163.99539999999251","71.30249999999796","-92.69289999999455","30001.0074","30000.363600000008","30","30","60","60","0","0"
"1","tray-after-flyout","True","","200.9609375","207.1640625","6.203125","84.515625","88.296875","3.78125","141.826171875","155.283203125","13.45703125","33.22627258300781","34.39420700073242","1.1679344177246094","","","","","","","","","","","","","769","758","-11","37","38","1","36","37","1","20","20","0","0","0.05208521395679193","0.05208521395679193","0","15.625","15.625","4483456","4550328","66872","0","0","0","0","0","0","0","0","0","0","0","0","0.06620000000111759","0.04340000000229338","-0.022799999998824205","8.833409999998548","0.10323000000207684","-8.730179999996471","10.14419999999518","0.1200000000098953","-10.024199999985285","0.21089999999821885","0","-0.21089999999821885","8.515624999988358","0.6963099999957194","-7.819314999992638","8.822199999995064","0.8689999999915017","-7.953200000003562","30000.598999999995","29998.916800000003","30","30","60","60","0","0"
"1","widget-visible","True","","230.6640625","239.9140625","9.25","108.13671875","113.9921875","5.85546875","206.8671875","209.5546875","2.6875","14.972579956054688","18.390132904052734","3.417552947998047","6.311378479003906","6.7987518310546875","0.48737335205078125","52.69921875","52.69921875","0","0.0919647216796875","0.11785125732421875","0.02588653564453125","154.3671875","163.208984375","8.841796875","763","750","-13","45","46","1","39","40","1","20","17","-3","2.968762597449289","6.145808893499968","3.177046296050679","890.625","1843.75","953.125","19907376","21815024","1907648","1","1","0","0","0","0","0","0","0","12.803","16.542","3.7390000000000008","0.06240000000980217","22.84604999999283","22.783649999983027","29.30921000000235","86.95253499999085","57.643324999988494","30.15460000000894","149.45279999999912","119.29819999999017","0.07000000000698492","22.4769999999844","22.406999999977415","29.034274999999614","86.19233999998683","57.15806499998722","29.814299999998184","148.41779999999562","118.60349999999744","29999.872699999996","30000.119299999995","30","30","60","60","23","18"
"1","post-refresh-widget","True","","232.51953125","242.1875","9.66796875","108.6484375","114.7421875","6.09375","206.48828125","211.25","4.76171875","37.516197204589844","41.04462432861328","3.5284271240234375","6.311378479003906","6.7987518310546875","0.48737335205078125","52.69921875","52.69921875","0","0.0919647216796875","0.11785125732421875","0.02588653564453125","153.7890625","158.55078125","4.76171875","763","749.5","-13.5","45","46","1","39.5","41","1.5","15","19","4","1.8749626694932497","1.666703300805218","-0.20825936868803185","562.5","500","-62.5","7013720","5875064","-1138656","0","0","0","0","0","0","0","0","0","0","0","0","26.972150000015972","22.776450000004843","-4.195700000011129","29.888249999980324","23.85073000000557","-6.037519999974755","31.667500000010477","24.2502000000095","-7.417300000000978","27.70679999999993","22.457099999985076","-5.249700000014855","29.61651999998721","22.888544999991428","-6.727974999995784","30.47860000000219","23.629899999999907","-6.848700000002282","30000.59730000001","29999.34060000001","30","30","60","60","30","30"
"1","tray-after-refresh","False","RemoteCounterMismatch:After:ClaudeLiveRequests|RemoteCounterMismatch:After:CodexQuotaRequests|RemoteCounterMismatch:After:CodexStarts|RemoteCounterMismatch:After:CursorHttpRequests|RemoteCounterMismatch:After:CursorUsageRequests","232.365234375","241.76171875","9.396484375","108.45703125","114.21484375","5.7578125","210.8828125","214.84765625","3.96484375","44.631927490234375","47.66982650756836","3.0378990173339844","6.311378479003906","6.7987518310546875","0.48737335205078125","52.69921875","52.69921875","0","0.0919647216796875","0.11785125732421875","0.02588653564453125","158.18359375","162.12109375","3.9375","760","749","-11","47","48","1","39","39","0","15","16","1","0.20833463473035152","1.3541669239583822","1.1458322892280308","62.5","406.25","343.75","7571808","20591512","13019704","0","1","1","0","1","1","0","0","0","0","14.850999999999999","14.850999999999999","26.732850000000326","22.715849999993225","-4.017000000007101","29.821854999980133","23.7402849999984","-6.081569999981731","30.19430000000284","24.176799999986542","-6.017500000016298","26.232749999995576","22.392249999989872","-3.8405000000057044","29.322164999983215","22.91343499999639","-6.408729999986825","30.150499999988824","23.521899999992456","-6.628599999996368","29999.812600000012","29999.9943","30","30","60","60","30","30"
"2","tray-idle","True","","92.537109375","94.9765625","2.439453125","22.26953125","23.28125","1.01171875","28.2578125","29.63671875","1.37890625","8.7000732421875","9.340896606445312","0.6408233642578125","","","","","","","","","","","","","483","470","-13","16","16","0","17","17","0","18","18","0","0.9895741302939216","0.36458032676090535","-0.6249938035330163","296.875","109.375","-187.5","2573752","2582312","8560","0","0","0","0","0","0","0","0","0","0","0","0","0.05050000000119326","0.05559999999968568","0.005099999998492422","0.07749000000549124","0.3419499999999969","0.2644599999945057","0.11310000000230502","0.49930000000313157","0.38620000000082655","0","0","0","0.5699649999996835","0.562184999994497","-0.007780000005186527","0.9386000000013155","0.743399999999383","-0.1952000000019325","30000.279","30000.247399999997","30","30","60","60","0","0"
"2","flyout-visible","True","","195.35546875","205.5703125","10.21484375","80.322265625","87.375","7.052734375","136.75","150.79296875","14.04296875","28.159664154052734","30.159076690673828","1.9994125366210938","","","","","","","","","","","","","773","761","-12","37","38","1","37","36","-1","18","18","0","7.552077618927934","6.14606967019905","-1.4060079487288846","2265.625","1843.75","-421.875","16153392","16517400","364008","0","0","0","0","0","0","0","0","0","0","0","0","0.06175000000439468","0.39289999999891734","0.33114999999452266","11.78833499999564","2.395910000002914","-9.392424999992727","127.41380000000208","55.91599999999744","-71.49780000000464","0.0342499999969732","0.43054999999003485","0.39629999999306165","11.812035000001197","1.6958749999874272","-10.11616000001377","126.98689999999624","55.880099999994854","-71.10680000000139","30000.0227","29998.846400000006","30","30","60","60","0","0"
"2","tray-after-flyout","True","","199.138671875","208.65625","9.517578125","83.880859375","90.4296875","6.548828125","139.650390625","153.51171875","13.861328125","32.45613479614258","34.47578048706055","2.0196456909179688","","","","","","","","","","","","","769","755","-14","37","38","1","37","37","0","20","20","0","0.15625651381320585","0","-0.15625651381320585","46.875","0","-46.875","4524232","4482080","-42152","0","0","0","0","0","0","0","0","0","0","0","0","0.04479999999603024","1.4151000000056229","1.3703000000095926","12.307755000000906","2.479875000008178","-9.827879999992728","13.07949999999255","3.372700000007171","-9.706799999985378","0.22305000000051223","1.3007499999948777","1.0776999999943655","11.797759999991104","1.9863749999924036","-9.811384999998701","12.376999999993131","2.2760999999882188","-10.100900000004913","29998.749399999993","30001.061199999996","30","30","60","60","0","0"
"2","widget-visible","True","","229.583984375","237.66796875","8.083984375","107.599609375","112.05078125","4.451171875","193.55859375","206.36328125","12.8046875","14.404731750488281","18.342079162597656","3.937347412109375","6.362892150878906","11.177474975585938","4.814582824707031","52.69921875","52.69921875","0","0.091888427734375","4.4359283447265625","4.3440399169921875","141.3515625","156.44140625","15.08984375","760","752.5","-7.5","45","46","1","38","40","2","18","17","-1","7.1355481272483345","4.999997800000971","-2.1355503272473637","2140.625","1500","-640.625","20213032","21851184","1638152","1","1","0","0","0","0","0","0","0","14.165","14.197","0.03200000000000003","0.06040000000211876","17.754850000004808","17.69445000000269","22.37655500000037","35.309990000002934","12.933435000002564","22.957399999999325","94.65380000000005","71.69640000000072","0.2550000000046566","17.1788999999917","16.923899999987043","21.71940000000177","34.56890999999005","12.849509999988278","21.797399999995832","95.08199999999488","73.28459999999905","29999.447299999985","30000.013199999983","30","30","60","60","21","19"
"2","post-refresh-widget","True","","231.1875","239.63671875","8.44921875","107.828125","112.4375","4.609375","192.87890625","206.22265625","13.34375","37.12165832519531","41.58230209350586","4.460643768310547","6.362892150878906","11.177474975585938","4.814582824707031","52.69921875","52.69921875","0","0.091888427734375","4.4359283447265625","4.3440399169921875","140.1796875","153.5234375","13.34375","762","750","-12","45","46","1","39","40","1","17","19","2","1.8229335470313135","1.614588241681587","-0.2083453053497264","546.875","484.375","-62.5","7369992","6707632","-662360","0","0","0","0","0","0","0","0","0","0","0","0","0.10219999999389984","17.622849999999744","17.520650000005844","22.374559999999473","19.628179999976417","-2.7463800000230556","37.157199999986915","19.854500000015832","-17.302699999971082","0.6503999999840744","17.113849999994272","16.463450000010198","21.759200000009148","18.71026999998721","-3.0489300000219366","37.132199999992736","18.909699999989243","-18.222500000003492","29999.72219999998","29999.908800000016","30","30","59","60","30","30"
"2","tray-after-refresh","False","RemoteCounterMismatch:After:ClaudeLiveRequests|RemoteCounterMismatch:After:CodexQuotaRequests|RemoteCounterMismatch:After:CodexStarts|RemoteCounterMismatch:After:CursorHttpRequests|RemoteCounterMismatch:After:CursorUsageRequests","231.40625","239.80859375","8.40234375","108.0078125","112.5078125","4.5","197.76953125","210.5234375","12.75390625","44.35820770263672","46.90863037109375","2.5504226684570312","6.362892150878906","11.177474975585938","4.814582824707031","52.69921875","52.69921875","0","0.091888427734375","4.4359283447265625","4.3440399169921875","145.0703125","157.82421875","12.75390625","759","749","-10","47","48","1","39","39","0","15","16","1","0.2083302167132912","1.0937795502775167","0.8854493335642255","62.5","328.125","265.625","6056248","19282288","13226040","0","1","1","0","1","1","0","0","0","0","13.711000000000002","13.711000000000002","21.8579000000027","17.67129999998724","-4.18660000001546","22.500885000020208","23.37398000000665","0.8730949999864421","22.909299999999348","501.0429000000004","478.133600000001","21.456399999995483","17.21379999999772","-4.242599999997765","21.899305000007736","22.30542000000112","0.40611499999338463","22.161099999997532","500.9863999999943","478.8252999999968","30000.448800000016","29999.1895","30","30","60","59","30","30"
"3","tray-idle","True","","92.5234375","94.58203125","2.05859375","22.25","22.90625","0.65625","29.1875","29.16015625","-0.02734375","8.680221557617188","9.2127685546875","0.5325469970703125","","","","","","","","","","","","","481","469","-12","16","16","0","17","17","0","18","18","0","0.4166513186209264","0.31250475215559775","-0.10414656646532866","125","93.75","-31.25","2567544","2590520","22976","0","0","0","0","0","0","0","0","0","0","0","0","0.054199999996853876","0.050299999998969724","-0.0038999999978841515","0.08946000000050838","0.35085499999440795","0.2613949999938996","0.46310000000084983","0.38739999999961583","-0.075700000001234","0","0","0","0.7887550000034023","0.8901699999971242","0.10141499999372194","1.059900000000198","0.9379000000008091","-0.12199999999938882","30001.1051","29999.543800000003","30","30","60","60","0","0"
"3","flyout-visible","True","","196.56640625","200.326171875","3.759765625","80.93359375","82.16015625","1.2265625","138.37890625","150.23046875","11.8515625","27.9508056640625","29.95595932006836","2.0051536560058594","","","","","","","","","","","","","771","762","-9","37","38","1","37","37","0","18","18","0","7.760448277559318","6.041756386749011","-1.718691890810307","2328.125","1812.5","-515.625","16085008","16562872","477864","0","0","0","0","0","0","0","0","0","0","0","0","0.06799999999930151","0.2143000000032771","0.14630000000397558","13.56703000000416","18.59533500000034","5.02830499999618","102.12540000000445","63.00640000000567","-39.11899999999878","0","0.14039999999658903","0.14039999999658903","12.9880700000067","17.707849999994504","4.719779999987804","101.70720000000438","62.904099999999744","-38.80310000000463","29999.8778","29999.554499999995","31","30","59","60","0","0"
"3","tray-after-flyout","True","","198.845703125","203.61328125","4.767578125","83.138671875","85.408203125","2.26953125","140.36328125","154.083984375","13.720703125","32.3986930847168","34.265892028808594","1.8671989440917969","","","","","","","","","","","","","763","754","-9","37","38","1","36","36","0","20","20","0","0.052083653474190014","0","-0.052083653474190014","15.625","0","-15.625","4483056","4482992","-64","0","0","0","0","0","0","0","0","0","0","0","0","0.06285000000207219","0.08310000000346918","0.020250000001396984","13.532309999997231","17.39363999999332","3.8613299999960873","14.47369999998773","18.699599999992643","4.225900000004913","0.23200000001088483","0.44539999999688007","0.21339999998599524","13.47995000000592","17.230364999994343","3.7504149999884238","13.604200000016135","17.8122999999905","4.208099999974365","29999.815600000005","29999.438400000003","30","30","60","60","0","0"
"3","widget-visible","True","","230.216796875","231.9765625","1.759765625","107.880859375","106.439453125","-1.44140625","194.55859375","208.587890625","14.029296875","14.654006958007812","19.164459228515625","4.5104522705078125","10.834678649902344","10.954261779785156","0.1195831298828125","52.69921875","52.69921875","0","4.495414733886719","4.247337341308594","-0.248077392578125","142.404296875","156.28125","13.876953125","763","752","-11","45","46","1","39","40","1","17","17","0","4.374944350707861","7.395825666327393","3.0208813156195315","1312.5","2218.75","906.25","20493408","23379504","2886096","1","1","0","0","0","0","0","0","0","13.166","13.904","0.7379999999999995","0.06199999999807915","16.66240000000107","16.600400000002992","29.568344999998224","31.834985000003506","2.2666400000052818","30.178999999989173","32.115200000000186","1.936200000011013","0","16.14089999999851","16.14089999999851","29.109000000008383","31.809240000000138","2.700239999991755","29.41250000000582","32.02710000000661","2.6146000000007916","30000.381599999982","30000.0311","30","30","60","60","22","21"
"3","post-refresh-widget","True","","235.73828125","234.73828125","-1","112.08203125","107.662109375","-4.419921875","199.296875","210.10546875","10.80859375","37.067230224609375","43.45551300048828","6.388282775878906","10.834678649902344","10.954261779785156","0.1195831298828125","52.69921875","52.69921875","0","4.495414733886719","4.247337341308594","-0.248077392578125","146.59765625","157.40625","10.80859375","763","754","-9","45","46","1","40","40","0","17","17","0","1.3021183646577372","1.6145706697173796","0.3124523050596424","390.625","484.375","93.75","6412960","7793512","1380552","0","0","0","0","0","0","0","0","0","0","0","0","28.922600000005332","16.687100000010105","-12.235499999995227","30.469854999988456","31.91027999999642","1.4404250000079628","30.699200000002747","32.351900000008754","1.652700000006007","28.405000000013388","16.272899999996298","-12.13210000001709","29.704525000021384","31.97615999998816","2.271634999966775","29.806500000006054","32.3017000000109","2.495200000004843","29999.1929","30000.235300000015","30","30","60","60","30","30"
"3","tray-after-refresh","False","RemoteCounterMismatch:After:ClaudeLiveRequests|RemoteCounterMismatch:After:CodexQuotaRequests|RemoteCounterMismatch:After:CodexStarts|RemoteCounterMismatch:After:CursorHttpRequests|RemoteCounterMismatch:After:CursorUsageRequests","235.4453125","236.951171875","1.505859375","111.76171875","109.873046875","-1.888671875","202.8203125","215.646484375","12.826171875","44.023597717285156","51.12773132324219","7.104133605957031","10.834678649902344","10.954261779785156","0.1195831298828125","52.69921875","52.69921875","0","4.495414733886719","4.247337341308594","-0.248077392578125","150.939453125","162.947265625","12.0078125","760","753","-7","47","48","1","39","39","0","15","15","0","0.7812430886028098","0.15624777763577613","-0.6249953109670336","234.375","46.875","-187.5","20249168","7498032","-12751136","1","0","-1","1","0","-1","0","0","0","15.036000000000001","0","-15.036000000000001","12.51524999999674","16.43630000000121","3.9210500000044703","13.751534999985598","32.109040000014645","18.357505000029047","28.887000000016997","32.45569999999134","3.568699999974342","12.2643500000122","16.255749999996624","3.9913999999844236","13.16114500000549","31.908304999998656","18.747159999993166","28.232700000022305","32.1993000000075","3.966599999985192","30000.26539999999","30000.426699999993","30","30","60","60","30","30"
