"Variant","File","SHA256","ProductVersion"
"optimized","CycleArc.IdleMeasure.dll","3520DE899953AA0D7AF17A9AFCB9CB93BAEAD8813B014CA364019757EF820AAA","0.10.0+50484a0847216e874a9515c0b399c600f2cd0415"
"optimized","CycleArc.IdleMeasure.exe","40A07C84AC9FEDCCAEDCFB7159A233EDB268F1632864BDA43FA1FDB0FA14D75B","0.10.0+50484a0847216e874a9515c0b399c600f2cd0415"
"optimized","CycleArc.IdleMeasure.runtimeconfig.json","2556F3E7CB7F562C3139A4C08EA55A28FBA36F396A1FF2E49F1AA66AA27ADAA3",
"optimized","CycleArc.dll","B56117FDF719DF04BDA111D91002BAB4AFFE46D1FE9FCAD4262E7A01489ED027","0.10.0+50484a0847216e874a9515c0b399c600f2cd0415"
"optimized","CycleArc.Core.dll","BC617B23B7D98D6E7EDAC91A5F7B79D6D3FDAF3F21B670D36825D5B26EDC84C8","0.10.0+50484a0847216e874a9515c0b399c600f2cd0415"
"optimized","coreclr.dll","128AEE8C62A673D64739E585E3876B61133571CEC83A46240A62581D5465639B","10,0,1226,42308 @Commit: 95017c711e6afc1085133d440e42b4bd78155701"
"optimized","wpfgfx_cor3.dll","501A1CD67D51BB1663870B12AF0F8C0BA29B3D37B8B509BE896D2AAF32DB214A","10.0.12-servicing.26422.108 @Commit: 95017c711e6afc1085133d440e42b4bd78155701"
"fixed","CycleArc.IdleMeasure.dll","3520DE899953AA0D7AF17A9AFCB9CB93BAEAD8813B014CA364019757EF820AAA","0.10.0+50484a0847216e874a9515c0b399c600f2cd0415"
"fixed","CycleArc.IdleMeasure.exe","40A07C84AC9FEDCCAEDCFB7159A233EDB268F1632864BDA43FA1FDB0FA14D75B","0.10.0+50484a0847216e874a9515c0b399c600f2cd0415"
"fixed","CycleArc.IdleMeasure.runtimeconfig.json","2556F3E7CB7F562C3139A4C08EA55A28FBA36F396A1FF2E49F1AA66AA27ADAA3",
"fixed","CycleArc.dll","D62AE0BF7587ABA980463BCACC120EA164ED99660DC2F7E38F744FF3E2599AB3","0.10.0+e24fe9eae86795fbe8380664622bfafce2a52af4"
"fixed","CycleArc.Core.dll","B641D57EC6153A22AA82337C4EEF2F442841058D7BE0E0E6E86494F756542E3F","0.10.0+e24fe9eae86795fbe8380664622bfafce2a52af4"
"fixed","coreclr.dll","128AEE8C62A673D64739E585E3876B61133571CEC83A46240A62581D5465639B","10,0,1226,42308 @Commit: 95017c711e6afc1085133d440e42b4bd78155701"
"fixed","wpfgfx_cor3.dll","501A1CD67D51BB1663870B12AF0F8C0BA29B3D37B8B509BE896D2AAF32DB214A","10.0.12-servicing.26422.108 @Commit: 95017c711e6afc1085133d440e42b4bd78155701"
