"Order","Artifact","Transition","StartMilliseconds","SynchronousActionMilliseconds","UntilDispatcherIdleMilliseconds","UiCreated"
"1","optimized","show-widget-before-flyout","50950.5256","472.61529999999766","490.3255999999965","{""Observations"":1,""AccountRows"":0,""RowAvatars"":0,""SelectedAvatars"":0,""WidgetAvatars"":5,""FlyoutDetailRows"":0,""TrayIcons"":0}"
"1","optimized","hide-widget-before-flyout","81470.9442","8.953200000003562","18.90790000000561","{""Observations"":1,""AccountRows"":0,""RowAvatars"":0,""SelectedAvatars"":0,""WidgetAvatars"":0,""FlyoutDetailRows"":0,""TrayIcons"":0}"
"1","optimized","show-flyout","81489.898","130.93940000000293","131.89440000000468","{""Observations"":1,""AccountRows"":5,""RowAvatars"":5,""SelectedAvatars"":1,""WidgetAvatars"":0,""FlyoutDetailRows"":6,""TrayIcons"":0}"
"1","optimized","hide-flyout","111649.0676","2.364500000010594","17.764500000004773","{""Observations"":0,""AccountRows"":0,""RowAvatars"":0,""SelectedAvatars"":0,""WidgetAvatars"":0,""FlyoutDetailRows"":0,""TrayIcons"":0}"
"1","optimized","show-widget","141690.0397","9.353000000002794","12.492499999993015","{""Observations"":1,""AccountRows"":0,""RowAvatars"":0,""SelectedAvatars"":0,""WidgetAvatars"":0,""FlyoutDetailRows"":0,""TrayIcons"":0}"
"1","optimized","hide-widget","201911.0762","5.494699999981094","17.251900000002934","{""Observations"":1,""AccountRows"":0,""RowAvatars"":0,""SelectedAvatars"":0,""WidgetAvatars"":0,""FlyoutDetailRows"":0,""TrayIcons"":0}"
"1","optimized","show-widget-churn","231952.463","9.496000000013737","12.730700000014622","{""Observations"":1,""AccountRows"":0,""RowAvatars"":0,""SelectedAvatars"":0,""WidgetAvatars"":0,""FlyoutDetailRows"":0,""TrayIcons"":0}"
"1","optimized","churn-open-flyout","231965.4607","12.956299999990733","13.462400000018533","{""Observations"":1,""AccountRows"":0,""RowAvatars"":5,""SelectedAvatars"":0,""WidgetAvatars"":0,""FlyoutDetailRows"":6,""TrayIcons"":0}"
"1","optimized","churn-switch-visible","232229.4335","7.83029999997234","19.171899999986636","{""Observations"":1,""AccountRows"":0,""RowAvatars"":2,""SelectedAvatars"":1,""WidgetAvatars"":0,""FlyoutDetailRows"":6,""TrayIcons"":1}"
"1","optimized","churn-close-flyout","232498.4068","1.8458000000100583","7.293200000014622","{""Observations"":0,""AccountRows"":0,""RowAvatars"":0,""SelectedAvatars"":0,""WidgetAvatars"":0,""FlyoutDetailRows"":0,""TrayIcons"":0}"
"1","optimized","churn-switch-hidden","232755.8319","7.0429000000003725","11.459499999997206","{""Observations"":1,""AccountRows"":0,""RowAvatars"":0,""SelectedAvatars"":0,""WidgetAvatars"":0,""FlyoutDetailRows"":0,""TrayIcons"":1}"
"1","optimized","churn-open-flyout","233017.6642","18.94670000000042","21.126900000002934","{""Observations"":1,""AccountRows"":0,""RowAvatars"":2,""SelectedAvatars"":0,""WidgetAvatars"":0,""FlyoutDetailRows"":5,""TrayIcons"":0}"
"1","optimized","churn-switch-visible","233288.992","6.701900000014575","29.26360000000568","{""Observations"":1,""AccountRows"":0,""RowAvatars"":2,""SelectedAvatars"":1,""WidgetAvatars"":0,""FlyoutDetailRows"":5,""TrayIcons"":1}"
"1","optimized","churn-close-flyout","233568.179","1.5495999999984633","14.480199999990873","{""Observations"":0,""AccountRows"":0,""RowAvatars"":0,""SelectedAvatars"":0,""WidgetAvatars"":0,""FlyoutDetailRows"":0,""TrayIcons"":0}"
"1","optimized","churn-switch-hidden","233832.254","6.410600000002887","16.144100000004983","{""Observations"":1,""AccountRows"":0,""RowAvatars"":0,""SelectedAvatars"":0,""WidgetAvatars"":0,""FlyoutDetailRows"":0,""TrayIcons"":1}"
"1","optimized","churn-open-flyout","234098.0153","19.652800000010757","19.843900000007125","{""Observations"":1,""AccountRows"":0,""RowAvatars"":2,""SelectedAvatars"":1,""WidgetAvatars"":0,""FlyoutDetailRows"":7,""TrayIcons"":0}"
"1","optimized","churn-switch-visible","234368.0084","3.0709999999962747","31.622200000012526","{""Observations"":1,""AccountRows"":0,""RowAvatars"":2,""SelectedAvatars"":1,""WidgetAvatars"":0,""FlyoutDetailRows"":6,""TrayIcons"":1}"
"1","optimized","churn-close-flyout","234649.5595","1.25089999998454","16.641199999983655","{""Observations"":0,""AccountRows"":0,""RowAvatars"":0,""SelectedAvatars"":0,""WidgetAvatars"":0,""FlyoutDetailRows"":0,""TrayIcons"":0}"
"1","optimized","churn-switch-hidden","234916.9721","2.9425999999803025","7.4667999999946915","{""Observations"":1,""AccountRows"":0,""RowAvatars"":0,""SelectedAvatars"":0,""WidgetAvatars"":0,""FlyoutDetailRows"":0,""TrayIcons"":1}"
"1","optimized","churn-open-flyout","235174.4997","9.526500000007218","9.880000000004657","{""Observations"":1,""AccountRows"":0,""RowAvatars"":2,""SelectedAvatars"":1,""WidgetAvatars"":0,""FlyoutDetailRows"":6,""TrayIcons"":0}"
"1","optimized","churn-switch-visible","235434.598","3.0527000000001863","19.164500000013504","{""Observations"":1,""AccountRows"":0,""RowAvatars"":2,""SelectedAvatars"":0,""WidgetAvatars"":0,""FlyoutDetailRows"":5,""TrayIcons"":1}"
"1","optimized","churn-close-flyout","235703.4289","1.4521999999997206","4.293999999994412","{""Observations"":0,""AccountRows"":0,""RowAvatars"":0,""SelectedAvatars"":0,""WidgetAvatars"":0,""FlyoutDetailRows"":0,""TrayIcons"":0}"
"1","optimized","churn-switch-hidden","235957.7658","3.1671000000205822","7.3686000000161584","{""Observations"":1,""AccountRows"":0,""RowAvatars"":0,""SelectedAvatars"":0,""WidgetAvatars"":0,""FlyoutDetailRows"":0,""TrayIcons"":1}"
"1","optimized","churn-open-flyout","236215.9498","9.193100000004051","9.66380000000936","{""Observations"":1,""AccountRows"":0,""RowAvatars"":2,""SelectedAvatars"":1,""WidgetAvatars"":0,""FlyoutDetailRows"":5,""TrayIcons"":0}"
"1","optimized","churn-switch-visible","236476.4781","2.745999999984633","25.306400000001304","{""Observations"":1,""AccountRows"":0,""RowAvatars"":2,""SelectedAvatars"":1,""WidgetAvatars"":0,""FlyoutDetailRows"":7,""TrayIcons"":1}"
"1","optimized","churn-close-flyout","236751.6229","2.0645000000076834","5.466899999999441","{""Observations"":0,""AccountRows"":0,""RowAvatars"":0,""SelectedAvatars"":0,""WidgetAvatars"":0,""FlyoutDetailRows"":0,""TrayIcons"":0}"
"1","optimized","churn-switch-hidden","237006.6181","3.041400000016438","12.01600000000326","{""Observations"":1,""AccountRows"":0,""RowAvatars"":0,""SelectedAvatars"":0,""WidgetAvatars"":0,""FlyoutDetailRows"":0,""TrayIcons"":1}"
"2","fixed","show-widget-before-flyout","50797.3501","486.96519999999873","501.10259999999835","{""Observations"":1,""AccountRows"":0,""RowAvatars"":0,""SelectedAvatars"":0,""WidgetAvatars"":5,""FlyoutDetailRows"":0,""TrayIcons"":0}"
"2","fixed","hide-widget-before-flyout","81318.3544","4.760399999999208","14.197599999999511","{""Observations"":1,""AccountRows"":0,""RowAvatars"":0,""SelectedAvatars"":0,""WidgetAvatars"":0,""FlyoutDetailRows"":0,""TrayIcons"":0}"
"2","fixed","show-flyout","81332.5721","100.7665999999881","101.90559999999823","{""Observations"":1,""AccountRows"":5,""RowAvatars"":5,""SelectedAvatars"":1,""WidgetAvatars"":0,""FlyoutDetailRows"":6,""TrayIcons"":0}"
"2","fixed","hide-flyout","111455.3148","2.0090000000054715","16.875700000004144","{""Observations"":0,""AccountRows"":0,""RowAvatars"":0,""SelectedAvatars"":0,""WidgetAvatars"":0,""FlyoutDetailRows"":0,""TrayIcons"":0}"
"2","fixed","show-widget","141491.5381","8.803299999999581","12.267699999996694","{""Observations"":1,""AccountRows"":0,""RowAvatars"":0,""SelectedAvatars"":0,""WidgetAvatars"":0,""FlyoutDetailRows"":0,""TrayIcons"":0}"
"2","fixed","hide-widget","201708.5518","5.426600000006147","13.964000000007218","{""Observations"":1,""AccountRows"":0,""RowAvatars"":0,""SelectedAvatars"":0,""WidgetAvatars"":0,""FlyoutDetailRows"":0,""TrayIcons"":0}"
"2","fixed","show-widget-churn","231742.2175","7.53080000000773","10.912299999996321","{""Observations"":1,""AccountRows"":0,""RowAvatars"":0,""SelectedAvatars"":0,""WidgetAvatars"":0,""FlyoutDetailRows"":0,""TrayIcons"":0}"
"2","fixed","churn-open-flyout","231753.1753","12.793899999989662","13.149700000009034","{""Observations"":1,""AccountRows"":0,""RowAvatars"":5,""SelectedAvatars"":0,""WidgetAvatars"":0,""FlyoutDetailRows"":6,""TrayIcons"":0}"
"2","fixed","churn-switch-visible","232015.9578","7.160799999983283","17.81789999999455","{""Observations"":1,""AccountRows"":0,""RowAvatars"":2,""SelectedAvatars"":1,""WidgetAvatars"":0,""FlyoutDetailRows"":6,""TrayIcons"":1}"
"2","fixed","churn-close-flyout","232284.6609","1.939700000017183","20.39550000001327","{""Observations"":0,""AccountRows"":0,""RowAvatars"":0,""SelectedAvatars"":0,""WidgetAvatars"":0,""FlyoutDetailRows"":0,""TrayIcons"":0}"
"2","fixed","churn-switch-hidden","232555.2049","6.792399999976624","11.418699999980163","{""Observations"":1,""AccountRows"":0,""RowAvatars"":0,""SelectedAvatars"":0,""WidgetAvatars"":0,""FlyoutDetailRows"":0,""TrayIcons"":1}"
"2","fixed","churn-open-flyout","232817.702","6.663000000000466","7.0305999999982305","{""Observations"":1,""AccountRows"":0,""RowAvatars"":2,""SelectedAvatars"":0,""WidgetAvatars"":0,""FlyoutDetailRows"":5,""TrayIcons"":0}"
"2","fixed","churn-switch-visible","233075.2049","7.051999999996042","29.435599999997066","{""Observations"":1,""AccountRows"":0,""RowAvatars"":2,""SelectedAvatars"":1,""WidgetAvatars"":0,""FlyoutDetailRows"":5,""TrayIcons"":1}"
"2","fixed","churn-close-flyout","233354.7238","1.706899999990128","14.068700000003446","{""Observations"":0,""AccountRows"":0,""RowAvatars"":0,""SelectedAvatars"":0,""WidgetAvatars"":0,""FlyoutDetailRows"":0,""TrayIcons"":0}"
"2","fixed","churn-switch-hidden","233619.1035","7.225299999990966","17.13969999999972","{""Observations"":1,""AccountRows"":0,""RowAvatars"":0,""SelectedAvatars"":0,""WidgetAvatars"":0,""FlyoutDetailRows"":0,""TrayIcons"":1}"
"2","fixed","churn-open-flyout","233885.7352","6.744600000005448","7.056400000001304","{""Observations"":1,""AccountRows"":0,""RowAvatars"":2,""SelectedAvatars"":1,""WidgetAvatars"":0,""FlyoutDetailRows"":7,""TrayIcons"":0}"
"2","fixed","churn-switch-visible","234143.6143","2.8215000000200234","30.611000000004424","{""Observations"":1,""AccountRows"":0,""RowAvatars"":2,""SelectedAvatars"":1,""WidgetAvatars"":0,""FlyoutDetailRows"":6,""TrayIcons"":1}"
"2","fixed","churn-close-flyout","234424.6856","1.4043999999994412","16.74179999998887","{""Observations"":0,""AccountRows"":0,""RowAvatars"":0,""SelectedAvatars"":0,""WidgetAvatars"":0,""FlyoutDetailRows"":0,""TrayIcons"":0}"
"2","fixed","churn-switch-hidden","234692.1937","2.83619999999064","6.750800000008894","{""Observations"":1,""AccountRows"":0,""RowAvatars"":0,""SelectedAvatars"":0,""WidgetAvatars"":0,""FlyoutDetailRows"":0,""TrayIcons"":1}"
"2","fixed","churn-open-flyout","234948.7287","5.537599999981467","5.7678000000014435","{""Observations"":1,""AccountRows"":0,""RowAvatars"":2,""SelectedAvatars"":1,""WidgetAvatars"":0,""FlyoutDetailRows"":6,""TrayIcons"":0}"
"2","fixed","churn-switch-visible","235204.2366","2.7827000000106636","18.73550000000978","{""Observations"":1,""AccountRows"":0,""RowAvatars"":2,""SelectedAvatars"":0,""WidgetAvatars"":0,""FlyoutDetailRows"":5,""TrayIcons"":1}"
"2","fixed","churn-close-flyout","235472.7467","1.435700000001816","19.62420000002021","{""Observations"":0,""AccountRows"":0,""RowAvatars"":0,""SelectedAvatars"":0,""WidgetAvatars"":0,""FlyoutDetailRows"":0,""TrayIcons"":0}"
"2","fixed","churn-switch-hidden","235742.6386","3.1275000000023283","7.392499999987194","{""Observations"":1,""AccountRows"":0,""RowAvatars"":0,""SelectedAvatars"":0,""WidgetAvatars"":0,""FlyoutDetailRows"":0,""TrayIcons"":1}"
"2","fixed","churn-open-flyout","236000.3614","6.146600000007311","6.373599999991711","{""Observations"":1,""AccountRows"":0,""RowAvatars"":2,""SelectedAvatars"":1,""WidgetAvatars"":0,""FlyoutDetailRows"":5,""TrayIcons"":0}"
"2","fixed","churn-switch-visible","236257.8","3.882500000006985","24.09200000000419","{""Observations"":1,""AccountRows"":0,""RowAvatars"":2,""SelectedAvatars"":1,""WidgetAvatars"":0,""FlyoutDetailRows"":7,""TrayIcons"":1}"
"2","fixed","churn-close-flyout","236532.9572","1.3825999999826308","2.378499999991618","{""Observations"":0,""AccountRows"":0,""RowAvatars"":0,""SelectedAvatars"":0,""WidgetAvatars"":0,""FlyoutDetailRows"":0,""TrayIcons"":0}"
"2","fixed","churn-switch-hidden","236785.9596","2.839799999987008","11.184399999998277","{""Observations"":1,""AccountRows"":0,""RowAvatars"":0,""SelectedAvatars"":0,""WidgetAvatars"":0,""FlyoutDetailRows"":0,""TrayIcons"":1}"
"3","fixed","show-widget-before-flyout","50582.4773","441.88750000000437","453.84799999999814","{""Observations"":1,""AccountRows"":0,""RowAvatars"":0,""SelectedAvatars"":0,""WidgetAvatars"":5,""FlyoutDetailRows"":0,""TrayIcons"":0}"
"3","fixed","hide-widget-before-flyout","81057.9107","4.841100000005099","20.292900000000373","{""Observations"":1,""AccountRows"":0,""RowAvatars"":0,""SelectedAvatars"":0,""WidgetAvatars"":0,""FlyoutDetailRows"":0,""TrayIcons"":0}"
"3","fixed","show-flyout","81078.2722","98.34829999999783","99.34899999998743","{""Observations"":1,""AccountRows"":5,""RowAvatars"":5,""SelectedAvatars"":1,""WidgetAvatars"":0,""FlyoutDetailRows"":6,""TrayIcons"":0}"
"3","fixed","hide-flyout","111196.6739","2.006500000003143","6.628000000011525","{""Observations"":0,""AccountRows"":0,""RowAvatars"":0,""SelectedAvatars"":0,""WidgetAvatars"":0,""FlyoutDetailRows"":0,""TrayIcons"":0}"
"3","fixed","show-widget","141223.3531","8.836799999990035","12.332399999984773","{""Observations"":1,""AccountRows"":0,""RowAvatars"":0,""SelectedAvatars"":0,""WidgetAvatars"":0,""FlyoutDetailRows"":0,""TrayIcons"":0}"
"3","fixed","hide-widget","201435.9449","4.995300000009593","16.7045999999973","{""Observations"":1,""AccountRows"":0,""RowAvatars"":0,""SelectedAvatars"":0,""WidgetAvatars"":0,""FlyoutDetailRows"":0,""TrayIcons"":0}"
"3","fixed","show-widget-churn","231473.8456","7.261499999993248","10.238899999996647","{""Observations"":1,""AccountRows"":0,""RowAvatars"":0,""SelectedAvatars"":0,""WidgetAvatars"":0,""FlyoutDetailRows"":0,""TrayIcons"":0}"
"3","fixed","churn-open-flyout","231484.1324","14.388999999995576","14.757099999987986","{""Observations"":1,""AccountRows"":0,""RowAvatars"":5,""SelectedAvatars"":0,""WidgetAvatars"":0,""FlyoutDetailRows"":6,""TrayIcons"":0}"
"3","fixed","churn-switch-visible","231750.0011","7.530300000013085","18.17620000001625","{""Observations"":1,""AccountRows"":0,""RowAvatars"":2,""SelectedAvatars"":1,""WidgetAvatars"":0,""FlyoutDetailRows"":6,""TrayIcons"":1}"
"3","fixed","churn-close-flyout","232018.3896","1.4422999999951571","17.48509999999078","{""Observations"":0,""AccountRows"":0,""RowAvatars"":0,""SelectedAvatars"":0,""WidgetAvatars"":0,""FlyoutDetailRows"":0,""TrayIcons"":0}"
"3","fixed","churn-switch-hidden","232287.0762","7.452499999984866","12.317799999989802","{""Observations"":1,""AccountRows"":0,""RowAvatars"":0,""SelectedAvatars"":0,""WidgetAvatars"":0,""FlyoutDetailRows"":0,""TrayIcons"":1}"
"3","fixed","churn-open-flyout","232548.8705","6.954800000006799","7.5596000000077765","{""Observations"":1,""AccountRows"":0,""RowAvatars"":2,""SelectedAvatars"":0,""WidgetAvatars"":0,""FlyoutDetailRows"":5,""TrayIcons"":0}"
"3","fixed","churn-switch-visible","232806.9437","7.166800000006333","29.309600000007777","{""Observations"":1,""AccountRows"":0,""RowAvatars"":2,""SelectedAvatars"":1,""WidgetAvatars"":0,""FlyoutDetailRows"":5,""TrayIcons"":1}"
"3","fixed","churn-close-flyout","233086.7463","1.5720000000146683","12.61799999998766","{""Observations"":0,""AccountRows"":0,""RowAvatars"":0,""SelectedAvatars"":0,""WidgetAvatars"":0,""FlyoutDetailRows"":0,""TrayIcons"":0}"
"3","fixed","churn-switch-hidden","233349.9932","7.196800000005169","17.113600000011502","{""Observations"":1,""AccountRows"":0,""RowAvatars"":0,""SelectedAvatars"":0,""WidgetAvatars"":0,""FlyoutDetailRows"":0,""TrayIcons"":1}"
"3","fixed","churn-open-flyout","233617.4264","6.142200000002049","6.433699999994133","{""Observations"":1,""AccountRows"":0,""RowAvatars"":2,""SelectedAvatars"":1,""WidgetAvatars"":0,""FlyoutDetailRows"":7,""TrayIcons"":0}"
"3","fixed","churn-switch-visible","233873.4702","2.8953999999794178","41.116099999984726","{""Observations"":1,""AccountRows"":0,""RowAvatars"":2,""SelectedAvatars"":1,""WidgetAvatars"":0,""FlyoutDetailRows"":6,""TrayIcons"":1}"
"3","fixed","churn-close-flyout","234165.6274","1.3798999999999069","7.419800000003306","{""Observations"":0,""AccountRows"":0,""RowAvatars"":0,""SelectedAvatars"":0,""WidgetAvatars"":0,""FlyoutDetailRows"":0,""TrayIcons"":0}"
"3","fixed","churn-switch-hidden","234423.855","2.6026999999885447","6.60109999999986","{""Observations"":1,""AccountRows"":0,""RowAvatars"":0,""SelectedAvatars"":0,""WidgetAvatars"":0,""FlyoutDetailRows"":0,""TrayIcons"":1}"
"3","fixed","churn-open-flyout","234680.4692","5.449200000002747","5.709600000001956","{""Observations"":1,""AccountRows"":0,""RowAvatars"":2,""SelectedAvatars"":1,""WidgetAvatars"":0,""FlyoutDetailRows"":6,""TrayIcons"":0}"
"3","fixed","churn-switch-visible","234936.4748","2.8390000000072177","18.466300000000047","{""Observations"":1,""AccountRows"":0,""RowAvatars"":2,""SelectedAvatars"":0,""WidgetAvatars"":0,""FlyoutDetailRows"":5,""TrayIcons"":1}"
"3","fixed","churn-close-flyout","235205.167","1.524600000004284","19.534299999999348","{""Observations"":0,""AccountRows"":0,""RowAvatars"":0,""SelectedAvatars"":0,""WidgetAvatars"":0,""FlyoutDetailRows"":0,""TrayIcons"":0}"
"3","fixed","churn-switch-hidden","235474.7474","2.804999999993015","6.92170000000624","{""Observations"":1,""AccountRows"":0,""RowAvatars"":0,""SelectedAvatars"":0,""WidgetAvatars"":0,""FlyoutDetailRows"":0,""TrayIcons"":1}"
"3","fixed","churn-open-flyout","235731.5094","6.538299999985611","7.048099999985425","{""Observations"":1,""AccountRows"":0,""RowAvatars"":2,""SelectedAvatars"":1,""WidgetAvatars"":0,""FlyoutDetailRows"":5,""TrayIcons"":0}"
"3","fixed","churn-switch-visible","235988.9923","2.707799999974668","23.479899999976624","{""Observations"":1,""AccountRows"":0,""RowAvatars"":2,""SelectedAvatars"":1,""WidgetAvatars"":0,""FlyoutDetailRows"":7,""TrayIcons"":1}"
"3","fixed","churn-close-flyout","236262.878","1.6037000000069384","3.2203000000154134","{""Observations"":1,""AccountRows"":0,""RowAvatars"":0,""SelectedAvatars"":0,""WidgetAvatars"":0,""FlyoutDetailRows"":0,""TrayIcons"":0}"
"3","fixed","churn-switch-hidden","236516.1275","2.9157999999879394","12.368400000006659","{""Observations"":1,""AccountRows"":0,""RowAvatars"":0,""SelectedAvatars"":0,""WidgetAvatars"":0,""FlyoutDetailRows"":0,""TrayIcons"":1}"
"4","optimized","show-widget-before-flyout","50632.3216","454.5052999999971","470.66369999999733","{""Observations"":1,""AccountRows"":0,""RowAvatars"":0,""SelectedAvatars"":0,""WidgetAvatars"":5,""FlyoutDetailRows"":0,""TrayIcons"":0}"
"4","optimized","hide-widget-before-flyout","81126.4161","4.869999999995343","20.203099999998813","{""Observations"":1,""AccountRows"":0,""RowAvatars"":0,""SelectedAvatars"":0,""WidgetAvatars"":0,""FlyoutDetailRows"":0,""TrayIcons"":0}"
"4","optimized","show-flyout","81146.7366","99.70999999999185","101.23999999999069","{""Observations"":1,""AccountRows"":5,""RowAvatars"":5,""SelectedAvatars"":1,""WidgetAvatars"":0,""FlyoutDetailRows"":6,""TrayIcons"":0}"
"4","optimized","hide-flyout","111267.3162","2.2409999999945285","4.966899999999441","{""Observations"":0,""AccountRows"":0,""RowAvatars"":0,""SelectedAvatars"":0,""WidgetAvatars"":0,""FlyoutDetailRows"":0,""TrayIcons"":0}"
"4","optimized","show-widget","141287.9303","8.348299999983283","11.829100000002654","{""Observations"":1,""AccountRows"":0,""RowAvatars"":0,""SelectedAvatars"":0,""WidgetAvatars"":0,""FlyoutDetailRows"":0,""TrayIcons"":0}"
"4","optimized","hide-widget","201508.6606","5.058599999989383","13.44440000000759","{""Observations"":1,""AccountRows"":0,""RowAvatars"":0,""SelectedAvatars"":0,""WidgetAvatars"":0,""FlyoutDetailRows"":0,""TrayIcons"":0}"
"4","optimized","show-widget-churn","231541.4817","7.814799999992829","11.216899999999441","{""Observations"":1,""AccountRows"":0,""RowAvatars"":0,""SelectedAvatars"":0,""WidgetAvatars"":0,""FlyoutDetailRows"":0,""TrayIcons"":0}"
"4","optimized","churn-open-flyout","231552.7429","14.249499999976251","14.608599999977741","{""Observations"":1,""AccountRows"":0,""RowAvatars"":5,""SelectedAvatars"":0,""WidgetAvatars"":0,""FlyoutDetailRows"":6,""TrayIcons"":0}"
"4","optimized","churn-switch-visible","231817.1514","7.143799999990733","22.020599999988917","{""Observations"":1,""AccountRows"":0,""RowAvatars"":2,""SelectedAvatars"":1,""WidgetAvatars"":0,""FlyoutDetailRows"":6,""TrayIcons"":1}"
"4","optimized","churn-close-flyout","232089.9967","1.5775000000139698","10.238000000012107","{""Observations"":0,""AccountRows"":0,""RowAvatars"":0,""SelectedAvatars"":0,""WidgetAvatars"":0,""FlyoutDetailRows"":0,""TrayIcons"":0}"
"4","optimized","churn-switch-hidden","232350.6922","7.647100000001956","13.184200000017881","{""Observations"":1,""AccountRows"":0,""RowAvatars"":0,""SelectedAvatars"":0,""WidgetAvatars"":0,""FlyoutDetailRows"":0,""TrayIcons"":1}"
"4","optimized","churn-open-flyout","232614.2501","23.454899999982445","27.76339999999618","{""Observations"":1,""AccountRows"":0,""RowAvatars"":2,""SelectedAvatars"":0,""WidgetAvatars"":0,""FlyoutDetailRows"":5,""TrayIcons"":0}"
"4","optimized","churn-switch-visible","232894.2196","7.048999999999069","29.86349999997765","{""Observations"":1,""AccountRows"":0,""RowAvatars"":2,""SelectedAvatars"":1,""WidgetAvatars"":0,""FlyoutDetailRows"":5,""TrayIcons"":1}"
"4","optimized","churn-close-flyout","233174.1365","1.8006999999925029","4.472299999993993","{""Observations"":0,""AccountRows"":0,""RowAvatars"":0,""SelectedAvatars"":0,""WidgetAvatars"":0,""FlyoutDetailRows"":0,""TrayIcons"":0}"
"4","optimized","churn-switch-hidden","233429.28","7.378700000001118","18.862200000003213","{""Observations"":1,""AccountRows"":0,""RowAvatars"":0,""SelectedAvatars"":0,""WidgetAvatars"":0,""FlyoutDetailRows"":0,""TrayIcons"":1}"
"4","optimized","churn-open-flyout","233697.9141","23.421300000016345","23.871000000013737","{""Observations"":1,""AccountRows"":0,""RowAvatars"":2,""SelectedAvatars"":1,""WidgetAvatars"":0,""FlyoutDetailRows"":7,""TrayIcons"":0}"
"4","optimized","churn-switch-visible","233972.4185","8.127899999992223","45.225299999990966","{""Observations"":1,""AccountRows"":0,""RowAvatars"":2,""SelectedAvatars"":1,""WidgetAvatars"":0,""FlyoutDetailRows"":6,""TrayIcons"":1}"
"4","optimized","churn-close-flyout","234267.7038","1.6149000000150409","4.557600000000093","{""Observations"":0,""AccountRows"":0,""RowAvatars"":0,""SelectedAvatars"":0,""WidgetAvatars"":0,""FlyoutDetailRows"":0,""TrayIcons"":0}"
"4","optimized","churn-switch-hidden","234522.3094","3.4329999999899883","7.50899999999092","{""Observations"":1,""AccountRows"":0,""RowAvatars"":0,""SelectedAvatars"":0,""WidgetAvatars"":0,""FlyoutDetailRows"":0,""TrayIcons"":1}"
"4","optimized","churn-open-flyout","234778.9089","9.614299999986542","10.129799999995157","{""Observations"":1,""AccountRows"":0,""RowAvatars"":2,""SelectedAvatars"":1,""WidgetAvatars"":0,""FlyoutDetailRows"":6,""TrayIcons"":0}"
"4","optimized","churn-switch-visible","235038.7272","3.238000000012107","23.015299999999115","{""Observations"":1,""AccountRows"":0,""RowAvatars"":2,""SelectedAvatars"":0,""WidgetAvatars"":0,""FlyoutDetailRows"":5,""TrayIcons"":1}"
"4","optimized","churn-close-flyout","235312.3745","1.8017999999865424","12.345600000000559","{""Observations"":0,""AccountRows"":0,""RowAvatars"":0,""SelectedAvatars"":0,""WidgetAvatars"":0,""FlyoutDetailRows"":0,""TrayIcons"":0}"
"4","optimized","churn-switch-hidden","235575.5205","2.942399999999907","7.088999999978114","{""Observations"":1,""AccountRows"":0,""RowAvatars"":0,""SelectedAvatars"":0,""WidgetAvatars"":0,""FlyoutDetailRows"":0,""TrayIcons"":1}"
"4","optimized","churn-open-flyout","235832.9969","8.723399999988033","9.064600000012433","{""Observations"":1,""AccountRows"":0,""RowAvatars"":2,""SelectedAvatars"":1,""WidgetAvatars"":0,""FlyoutDetailRows"":5,""TrayIcons"":0}"
"4","optimized","churn-switch-visible","236092.2336","3.526899999997113","26.245899999979883","{""Observations"":1,""AccountRows"":0,""RowAvatars"":2,""SelectedAvatars"":1,""WidgetAvatars"":0,""FlyoutDetailRows"":7,""TrayIcons"":1}"
"4","optimized","churn-close-flyout","236368.9073","1.731100000004517","17.42200000002049","{""Observations"":0,""AccountRows"":0,""RowAvatars"":0,""SelectedAvatars"":0,""WidgetAvatars"":0,""FlyoutDetailRows"":0,""TrayIcons"":0}"
"4","optimized","churn-switch-hidden","236636.8961","2.64869999999064","12.432000000000698","{""Observations"":1,""AccountRows"":0,""RowAvatars"":0,""SelectedAvatars"":0,""WidgetAvatars"":0,""FlyoutDetailRows"":0,""TrayIcons"":1}"
"5","optimized","show-widget-before-flyout","50603.3365","438.48679999999877","458.1180999999997","{""Observations"":1,""AccountRows"":0,""RowAvatars"":0,""SelectedAvatars"":0,""WidgetAvatars"":5,""FlyoutDetailRows"":0,""TrayIcons"":0}"
"5","optimized","hide-widget-before-flyout","81086.5981","5.348499999992782","7.411399999997229","{""Observations"":1,""AccountRows"":0,""RowAvatars"":0,""SelectedAvatars"":0,""WidgetAvatars"":0,""FlyoutDetailRows"":0,""TrayIcons"":0}"
"5","optimized","show-flyout","81094.4412","125.50109999999404","126.6710999999923","{""Observations"":1,""AccountRows"":5,""RowAvatars"":5,""SelectedAvatars"":1,""WidgetAvatars"":0,""FlyoutDetailRows"":6,""TrayIcons"":0}"
"5","optimized","hide-flyout","111240.6549","1.9918000000034226","9.450800000005984","{""Observations"":0,""AccountRows"":0,""RowAvatars"":0,""SelectedAvatars"":0,""WidgetAvatars"":0,""FlyoutDetailRows"":0,""TrayIcons"":0}"
"5","optimized","show-widget","141268.175","8.60920000000624","11.725600000005215","{""Observations"":1,""AccountRows"":0,""RowAvatars"":0,""SelectedAvatars"":0,""WidgetAvatars"":0,""FlyoutDetailRows"":0,""TrayIcons"":0}"
"5","optimized","hide-widget","201504.7439","4.41459999998915","11.631400000012945","{""Observations"":1,""AccountRows"":0,""RowAvatars"":0,""SelectedAvatars"":0,""WidgetAvatars"":0,""FlyoutDetailRows"":0,""TrayIcons"":0}"
"5","optimized","show-widget-churn","231535.5707","7.146299999993062","10.4541999999783","{""Observations"":1,""AccountRows"":0,""RowAvatars"":0,""SelectedAvatars"":0,""WidgetAvatars"":0,""FlyoutDetailRows"":0,""TrayIcons"":0}"
"5","optimized","churn-open-flyout","231546.0628","14.319999999977881","14.700199999992037","{""Observations"":1,""AccountRows"":0,""RowAvatars"":5,""SelectedAvatars"":0,""WidgetAvatars"":0,""FlyoutDetailRows"":6,""TrayIcons"":0}"
"5","optimized","churn-switch-visible","231811.9125","7.567299999995157","19.03310000000056","{""Observations"":1,""AccountRows"":0,""RowAvatars"":2,""SelectedAvatars"":1,""WidgetAvatars"":0,""FlyoutDetailRows"":6,""TrayIcons"":1}"
"5","optimized","churn-close-flyout","232081.3496","1.648700000019744","12.448100000008708","{""Observations"":0,""AccountRows"":0,""RowAvatars"":0,""SelectedAvatars"":0,""WidgetAvatars"":0,""FlyoutDetailRows"":0,""TrayIcons"":0}"
"5","optimized","churn-switch-hidden","232344.4204","6.566200000001118","11.004400000005262","{""Observations"":1,""AccountRows"":0,""RowAvatars"":0,""SelectedAvatars"":0,""WidgetAvatars"":0,""FlyoutDetailRows"":0,""TrayIcons"":1}"
"5","optimized","churn-open-flyout","232605.0033","17.03269999998156","18.728799999982584","{""Observations"":1,""AccountRows"":0,""RowAvatars"":2,""SelectedAvatars"":0,""WidgetAvatars"":0,""FlyoutDetailRows"":5,""TrayIcons"":0}"
"5","optimized","churn-switch-visible","232874.4542","7.613899999996647","29.25079999997979","{""Observations"":1,""AccountRows"":0,""RowAvatars"":2,""SelectedAvatars"":1,""WidgetAvatars"":0,""FlyoutDetailRows"":5,""TrayIcons"":1}"
"5","optimized","churn-close-flyout","233153.9639","1.753999999986263","22.718499999988126","{""Observations"":0,""AccountRows"":0,""RowAvatars"":0,""SelectedAvatars"":0,""WidgetAvatars"":0,""FlyoutDetailRows"":0,""TrayIcons"":0}"
"5","optimized","churn-switch-hidden","233426.6989","6.246500000008382","15.576900000014575","{""Observations"":1,""AccountRows"":0,""RowAvatars"":0,""SelectedAvatars"":0,""WidgetAvatars"":0,""FlyoutDetailRows"":0,""TrayIcons"":1}"
"5","optimized","churn-open-flyout","233692.6132","16.95380000001751","17.127999999996973","{""Observations"":1,""AccountRows"":0,""RowAvatars"":2,""SelectedAvatars"":1,""WidgetAvatars"":0,""FlyoutDetailRows"":7,""TrayIcons"":0}"
"5","optimized","churn-switch-visible","233959.9032","2.771100000012666","33.90909999998985","{""Observations"":1,""AccountRows"":0,""RowAvatars"":2,""SelectedAvatars"":1,""WidgetAvatars"":0,""FlyoutDetailRows"":6,""TrayIcons"":1}"
"5","optimized","churn-close-flyout","234244.6467","1.4005999999935739","5.493399999977555","{""Observations"":0,""AccountRows"":0,""RowAvatars"":0,""SelectedAvatars"":0,""WidgetAvatars"":0,""FlyoutDetailRows"":0,""TrayIcons"":0}"
"5","optimized","churn-switch-hidden","234500.4665","2.7185999999928754","6.808199999999488","{""Observations"":1,""AccountRows"":0,""RowAvatars"":0,""SelectedAvatars"":0,""WidgetAvatars"":0,""FlyoutDetailRows"":0,""TrayIcons"":1}"
"5","optimized","churn-open-flyout","234757.3455","10.425500000012107","10.829900000011548","{""Observations"":1,""AccountRows"":0,""RowAvatars"":2,""SelectedAvatars"":1,""WidgetAvatars"":0,""FlyoutDetailRows"":6,""TrayIcons"":0}"
"5","optimized","churn-switch-visible","235018.2835","3.5799000000115484","21.70889999999781","{""Observations"":1,""AccountRows"":0,""RowAvatars"":2,""SelectedAvatars"":0,""WidgetAvatars"":0,""FlyoutDetailRows"":5,""TrayIcons"":1}"
"5","optimized","churn-close-flyout","235289.9462","2.0335999999952037","11.90659999998752","{""Observations"":0,""AccountRows"":0,""RowAvatars"":0,""SelectedAvatars"":0,""WidgetAvatars"":0,""FlyoutDetailRows"":0,""TrayIcons"":0}"
"5","optimized","churn-switch-hidden","235553.0029","3.1261999999987893","7.244399999995949","{""Observations"":1,""AccountRows"":0,""RowAvatars"":0,""SelectedAvatars"":0,""WidgetAvatars"":0,""FlyoutDetailRows"":0,""TrayIcons"":1}"
"5","optimized","churn-open-flyout","235809.8569","9.252999999996973","9.661199999973178","{""Observations"":1,""AccountRows"":0,""RowAvatars"":2,""SelectedAvatars"":1,""WidgetAvatars"":0,""FlyoutDetailRows"":5,""TrayIcons"":0}"
"5","optimized","churn-switch-visible","236069.6613","3.1759000000020023","26.323000000003958","{""Observations"":1,""AccountRows"":0,""RowAvatars"":2,""SelectedAvatars"":1,""WidgetAvatars"":0,""FlyoutDetailRows"":7,""TrayIcons"":1}"
"5","optimized","churn-close-flyout","236344.8173","1.8398000000161119","19.361999999993714","{""Observations"":0,""AccountRows"":0,""RowAvatars"":0,""SelectedAvatars"":0,""WidgetAvatars"":0,""FlyoutDetailRows"":0,""TrayIcons"":0}"
"5","optimized","churn-switch-hidden","236614.9504","2.8304000000061933","11.77489999998943","{""Observations"":1,""AccountRows"":0,""RowAvatars"":0,""SelectedAvatars"":0,""WidgetAvatars"":0,""FlyoutDetailRows"":0,""TrayIcons"":1}"
"6","fixed","show-widget-before-flyout","50598.9543","440.9022000000041","454.346000000005","{""Observations"":1,""AccountRows"":0,""RowAvatars"":0,""SelectedAvatars"":0,""WidgetAvatars"":5,""FlyoutDetailRows"":0,""TrayIcons"":0}"
"6","fixed","hide-widget-before-flyout","81080.4782","5.240499999999884","25.842499999998836","{""Observations"":1,""AccountRows"":0,""RowAvatars"":0,""SelectedAvatars"":0,""WidgetAvatars"":0,""FlyoutDetailRows"":0,""TrayIcons"":0}"
"6","fixed","show-flyout","81106.343","111.25100000000384","127.08140000001004","{""Observations"":1,""AccountRows"":5,""RowAvatars"":5,""SelectedAvatars"":1,""WidgetAvatars"":0,""FlyoutDetailRows"":6,""TrayIcons"":0}"
"6","fixed","hide-flyout","111254.8597","2.1163999999989755","3.7502999999996973","{""Observations"":0,""AccountRows"":0,""RowAvatars"":0,""SelectedAvatars"":0,""WidgetAvatars"":0,""FlyoutDetailRows"":0,""TrayIcons"":0}"
"6","fixed","show-widget","141278.0273","9.103500000026543","11.795000000012806","{""Observations"":1,""AccountRows"":0,""RowAvatars"":0,""SelectedAvatars"":0,""WidgetAvatars"":0,""FlyoutDetailRows"":0,""TrayIcons"":0}"
"6","fixed","hide-widget","201491.4907","5.0350000000034925","17.883700000005774","{""Observations"":1,""AccountRows"":0,""RowAvatars"":0,""SelectedAvatars"":0,""WidgetAvatars"":0,""FlyoutDetailRows"":0,""TrayIcons"":0}"
"6","fixed","show-widget-churn","231529.7555","8.570100000011735","11.790299999993294","{""Observations"":1,""AccountRows"":0,""RowAvatars"":0,""SelectedAvatars"":0,""WidgetAvatars"":0,""FlyoutDetailRows"":0,""TrayIcons"":0}"
"6","fixed","churn-open-flyout","231541.7385","12.877000000007683","13.33410000000731","{""Observations"":1,""AccountRows"":0,""RowAvatars"":5,""SelectedAvatars"":0,""WidgetAvatars"":0,""FlyoutDetailRows"":6,""TrayIcons"":0}"
"6","fixed","churn-switch-visible","231806.599","7.095600000000559","18.04820000001928","{""Observations"":1,""AccountRows"":0,""RowAvatars"":2,""SelectedAvatars"":1,""WidgetAvatars"":0,""FlyoutDetailRows"":6,""TrayIcons"":1}"
"6","fixed","churn-close-flyout","232074.6479","1.783899999980349","11.474399999977322","{""Observations"":0,""AccountRows"":0,""RowAvatars"":0,""SelectedAvatars"":0,""WidgetAvatars"":0,""FlyoutDetailRows"":0,""TrayIcons"":0}"
"6","fixed","churn-switch-hidden","232336.1602","7.100299999990966","12.357099999993807","{""Observations"":1,""AccountRows"":0,""RowAvatars"":0,""SelectedAvatars"":0,""WidgetAvatars"":0,""FlyoutDetailRows"":0,""TrayIcons"":1}"
"6","fixed","churn-open-flyout","232598.6054","6.905200000008335","7.381300000008196","{""Observations"":1,""AccountRows"":0,""RowAvatars"":2,""SelectedAvatars"":0,""WidgetAvatars"":0,""FlyoutDetailRows"":5,""TrayIcons"":0}"
"6","fixed","churn-switch-visible","232856.675","7.365700000023935","28.018400000000838","{""Observations"":1,""AccountRows"":0,""RowAvatars"":2,""SelectedAvatars"":1,""WidgetAvatars"":0,""FlyoutDetailRows"":5,""TrayIcons"":1}"
"6","fixed","churn-close-flyout","233135.086","2.126699999993434","13.228899999987334","{""Observations"":0,""AccountRows"":0,""RowAvatars"":0,""SelectedAvatars"":0,""WidgetAvatars"":0,""FlyoutDetailRows"":0,""TrayIcons"":0}"
"6","fixed","churn-switch-hidden","233398.5684","7.087200000009034","16.867599999997765","{""Observations"":1,""AccountRows"":0,""RowAvatars"":0,""SelectedAvatars"":0,""WidgetAvatars"":0,""FlyoutDetailRows"":0,""TrayIcons"":1}"
"6","fixed","churn-open-flyout","233664.6998","5.834600000001956","6.174399999988964","{""Observations"":1,""AccountRows"":0,""RowAvatars"":2,""SelectedAvatars"":1,""WidgetAvatars"":0,""FlyoutDetailRows"":7,""TrayIcons"":0}"
"6","fixed","churn-switch-visible","233922.1041","2.891200000012759","33.12299999999232","{""Observations"":1,""AccountRows"":0,""RowAvatars"":2,""SelectedAvatars"":1,""WidgetAvatars"":0,""FlyoutDetailRows"":6,""TrayIcons"":1}"
"6","fixed","churn-close-flyout","234205.6193","1.6745999999984633","5.625499999994645","{""Observations"":0,""AccountRows"":0,""RowAvatars"":0,""SelectedAvatars"":0,""WidgetAvatars"":0,""FlyoutDetailRows"":0,""TrayIcons"":0}"
"6","fixed","churn-switch-hidden","234461.9841","3.34419999999227","7.642699999996694","{""Observations"":1,""AccountRows"":0,""RowAvatars"":0,""SelectedAvatars"":0,""WidgetAvatars"":0,""FlyoutDetailRows"":0,""TrayIcons"":1}"
"6","fixed","churn-open-flyout","234719.9753","5.82750000001397","6.032800000015413","{""Observations"":1,""AccountRows"":0,""RowAvatars"":2,""SelectedAvatars"":1,""WidgetAvatars"":0,""FlyoutDetailRows"":6,""TrayIcons"":0}"
"6","fixed","churn-switch-visible","234976.1652","3.1701000000175554","18.490300000004936","{""Observations"":1,""AccountRows"":0,""RowAvatars"":2,""SelectedAvatars"":0,""WidgetAvatars"":0,""FlyoutDetailRows"":5,""TrayIcons"":1}"
"6","fixed","churn-close-flyout","235244.1706","1.293599999975413","14.7896999999939","{""Observations"":0,""AccountRows"":0,""RowAvatars"":0,""SelectedAvatars"":0,""WidgetAvatars"":0,""FlyoutDetailRows"":0,""TrayIcons"":0}"
"6","fixed","churn-switch-hidden","235509.6845","3.4805000000051223","7.322899999999208","{""Observations"":1,""AccountRows"":0,""RowAvatars"":0,""SelectedAvatars"":0,""WidgetAvatars"":0,""FlyoutDetailRows"":0,""TrayIcons"":1}"
"6","fixed","churn-open-flyout","235766.8076","5.537699999986216","5.823600000003353","{""Observations"":1,""AccountRows"":0,""RowAvatars"":2,""SelectedAvatars"":1,""WidgetAvatars"":0,""FlyoutDetailRows"":5,""TrayIcons"":0}"
"6","fixed","churn-switch-visible","236022.9774","3.043100000009872","23.09419999999227","{""Observations"":1,""AccountRows"":0,""RowAvatars"":2,""SelectedAvatars"":1,""WidgetAvatars"":0,""FlyoutDetailRows"":7,""TrayIcons"":1}"
"6","fixed","churn-close-flyout","236294.986","1.372799999982817","9.46020000000135","{""Observations"":1,""AccountRows"":0,""RowAvatars"":0,""SelectedAvatars"":0,""WidgetAvatars"":0,""FlyoutDetailRows"":0,""TrayIcons"":0}"
"6","fixed","churn-switch-hidden","236554.4442","2.8510999999998603","11.133800000010524","{""Observations"":1,""AccountRows"":0,""RowAvatars"":0,""SelectedAvatars"":0,""WidgetAvatars"":0,""FlyoutDetailRows"":0,""TrayIcons"":1}"
