"Phase","Metric","Before","After","PairDeltas","BeforeMedian","AfterMedian","AllPairsLower","AllPairsHigher"
"warmup","PrivateBytesMiB","26.61 / 26.35 / 26.37","26.15 / 29.5 / 26.18","-0.46 / +3.14 / -0.19","26.373046875","26.1796875","False","False"
"warmup","PrivateWsMiB","20.58 / 20.26 / 20.41","19.98 / 23.52 / 20.07","-0.6 / +3.26 / -0.34","20.40625","20.0703125","False","False"
"warmup","WorkingSetMiB","91.13 / 90.78 / 90.94","90.55 / 95.31 / 90.6","-0.58 / +4.53 / -0.34","90.935546875","90.59765625","False","False"
"warmup","ManagedMiB","7.22 / 7.09 / 7.1","6.74 / 6.73 / 6.71","-0.48 / -0.36 / -0.39","7.09942626953125","6.72637557983398","True","False"
"warmup","AllocKiBPerSecond","83.36 / 85.19 / 83.31","53.19 / 52.94 / 52.29","-30.17 / -32.25 / -31.02","83.3585256113689","52.9413922550959","True","False"
"warmup","CpuOneCorePercent","2.42 / 4.61 / 2.66","2.66 / 4.84 / 2.5","+0.23 / +0.23 / -0.16","2.65615931872086","2.65605188508989","False","False"
"warmup","GcPauseMs","0 / 0 / 0","0 / 0 / 0","0 / 0 / 0","0","0","False","False"
"warmup","UiDueP95Ms","0.39 / 0.84 / 0.61","0.63 / 0.84 / 0.75","+0.23 / 0 / +0.14","0.612369999999282","0.75461499999983","False","False"
"warmup","UiDueMaxMs","0.89 / 0.84 / 0.72","0.69 / 0.89 / 1.05","-0.19 / +0.05 / +0.33","0.844700000000557","0.89010000000053","False","False"
"warmup","Handles","454 / 456 / 455","457 / 465 / 454","+3 / +9 / -1","455","457","False","False"
"warmup","Gdi","16 / 16 / 16","16 / 16 / 16","0 / 0 / 0","16","16","False","False"
"warmup","User","19 / 20 / 20","20 / 19 / 19","+1 / -1 / -1","20","19","False","False"
"warmup","RowsCreated","0 / 0 / 0","0 / 0 / 0","0 / 0 / 0","0","0","False","False"
"warmup","AvatarsCreated","0 / 0 / 0","0 / 0 / 0","0 / 0 / 0","0","0","False","False"
"warmup","DetailRowsCreated","0 / 0 / 0","0 / 0 / 0","0 / 0 / 0","0","0","False","False"
"warmup","TrayIconsCreated","0 / 0 / 0","0 / 0 / 0","0 / 0 / 0","0","0","False","False"
"tray-idle","PrivateBytesMiB","28.72 / 28.45 / 28.52","27.45 / 30.55 / 27.52","-1.27 / +2.1 / -1","28.5234375","27.5234375","False","False"
"tray-idle","PrivateWsMiB","22.82 / 22.58 / 22.58","21.56 / 24.38 / 21.62","-1.26 / +1.79 / -0.96","22.58203125","21.6171875","False","False"
"tray-idle","WorkingSetMiB","94.26 / 93.96 / 94.02","92.99 / 96.92 / 93.03","-1.27 / +2.96 / -0.99","94.015625","93.02734375","False","False"
"tray-idle","ManagedMiB","9.27 / 9.14 / 9.14","8 / 7.99 / 7.98","-1.27 / -1.16 / -1.16","9.1435661315918","7.98739624023438","True","False"
"tray-idle","AllocKiBPerSecond","82.85 / 82.83 / 82.84","50.46 / 50.99 / 51.06","-32.39 / -31.84 / -31.78","82.8427590009501","50.989348519185","True","False"
"tray-idle","CpuOneCorePercent","0.31 / 0.99 / 0.26","0.31 / 1.04 / 0.31","0 / +0.05 / +0.05","0.312485991253012","0.312503768795452","False","True"
"tray-idle","GcPauseMs","0 / 0 / 0","0 / 0 / 0","0 / 0 / 0","0","0","False","False"
"tray-idle","UiDueP95Ms","0.5 / 0.76 / 0.47","0.63 / 0.81 / 0.68","+0.12 / +0.04 / +0.21","0.503449999999793","0.681214999998701","False","True"
"tray-idle","UiDueMaxMs","1.07 / 0.93 / 0.65","0.78 / 0.83 / 1.11","-0.29 / -0.1 / +0.45","0.931099999997969","0.832699999999022","False","False"
"tray-idle","Handles","451 / 451 / 450","452 / 462 / 451","+1 / +11 / +1","451","452","False","True"
"tray-idle","Gdi","16 / 16 / 16","16 / 16 / 16","0 / 0 / 0","16","16","False","False"
"tray-idle","User","17 / 17 / 17","17 / 17 / 17","0 / 0 / 0","17","17","False","False"
"tray-idle","RowsCreated","0 / 0 / 0","0 / 0 / 0","0 / 0 / 0","0","0","False","False"
"tray-idle","AvatarsCreated","0 / 0 / 0","0 / 0 / 0","0 / 0 / 0","0","0","False","False"
"tray-idle","DetailRowsCreated","0 / 0 / 0","0 / 0 / 0","0 / 0 / 0","0","0","False","False"
"tray-idle","TrayIconsCreated","0 / 0 / 0","0 / 0 / 0","0 / 0 / 0","0","0","False","False"
"widget-before-flyout","PrivateBytesMiB","112.85 / 111.96 / 112.16","106.39 / 114.56 / 108.22","-6.45 / +2.6 / -3.94","112.15625","108.21875","False","False"
"widget-before-flyout","PrivateWsMiB","76.17 / 75.54 / 73.15","67.87 / 74.01 / 64.95","-8.3 / -1.52 / -8.2","75.53515625","67.873046875","True","False"
"widget-before-flyout","WorkingSetMiB","192.18 / 187.88 / 185.37","179.77 / 185.77 / 175.78","-12.4 / -2.12 / -9.59","187.884765625","179.771484375","True","False"
"widget-before-flyout","ManagedMiB","21.72 / 21.69 / 21.45","18.45 / 18.48 / 18.24","-3.27 / -3.21 / -3.21","21.6896667480469","18.4484443664551","True","False"
"widget-before-flyout","AllocKiBPerSecond","297.33 / 301.65 / 295.71","170.29 / 172.39 / 165.75","-127.04 / -129.26 / -129.97","297.330001111181","170.293611151355","True","False"
"widget-before-flyout","CpuOneCorePercent","5.78 / 5.99 / 5.31","4.95 / 4.95 / 4.95","-0.83 / -1.04 / -0.36","5.78132698800439","4.94788003586147","True","False"
"widget-before-flyout","GcPauseMs","0 / 0 / 0","0 / 0 / 0","0 / 0 / 0","0","0","False","False"
"widget-before-flyout","UiDueP95Ms","28.15 / 26.98 / 34.21","0.77 / 0.65 / 0.8","-27.38 / -26.32 / -33.41","28.1474549999995","0.771524999997928","True","False"
"widget-before-flyout","UiDueMaxMs","28.6 / 27.26 / 34.51","0.82 / 1.41 / 1.15","-27.78 / -25.85 / -33.36","28.6015000000043","1.1533999999956","True","False"
"widget-before-flyout","Handles","753 / 714 / 713","715 / 721 / 716","-38 / +7 / +3","714","716","False","False"
"widget-before-flyout","Gdi","38 / 32 / 32","32 / 32 / 32","-6 / 0 / 0","32","32","False","False"
"widget-before-flyout","User","38 / 26 / 26","25 / 26 / 26","-13 / 0 / 0","26","26","False","False"
"widget-before-flyout","RowsCreated","0 / 0 / 0","0 / 0 / 0","0 / 0 / 0","0","0","False","False"
"widget-before-flyout","AvatarsCreated","60 / 60 / 60","0 / 0 / 0","-60 / -60 / -60","60","0","True","False"
"widget-before-flyout","DetailRowsCreated","0 / 0 / 0","0 / 0 / 0","0 / 0 / 0","0","0","False","False"
"widget-before-flyout","TrayIconsCreated","12 / 12 / 12","1 / 1 / 1","-11 / -11 / -11","12","1","True","False"
"flyout-visible","PrivateBytesMiB","159.24 / 147.62 / 160.52","151.2 / 147.68 / 151.28","-8.05 / +0.05 / -9.24","159.2421875","151.1953125","False","False"
"flyout-visible","PrivateWsMiB","89.8 / 89.57 / 87.68","79.94 / 85.14 / 75.44","-9.86 / -4.43 / -12.24","89.572265625","79.943359375","True","False"
"flyout-visible","WorkingSetMiB","213 / 210.58 / 208.66","200.85 / 204.74 / 196.16","-12.15 / -5.84 / -12.49","210.583984375","200.8515625","True","False"
"flyout-visible","ManagedMiB","31.16 / 31.66 / 31.36","23.81 / 24.03 / 23.59","-7.36 / -7.63 / -7.77","31.3591995239258","23.8073806762695","True","False"
"flyout-visible","AllocKiBPerSecond","199.86 / 217 / 217.6","68.79 / 105.15 / 68.41","-131.07 / -111.86 / -149.19","217.003074534653","68.7873458613031","True","False"
"flyout-visible","CpuOneCorePercent","4.06 / 4.17 / 4.22","4.43 / 5.26 / 4.58","+0.36 / +1.09 / +0.36","4.16660069548899","4.58333924584096","False","True"
"flyout-visible","GcPauseMs","0 / 0 / 0","0 / 0 / 0","0 / 0 / 0","0","0","False","False"
"flyout-visible","UiDueP95Ms","28.44 / 27.19 / 34.48","0.71 / 0.57 / 0.44","-27.73 / -26.62 / -34.04","28.4366399999984","0.568339999999444","True","False"
"flyout-visible","UiDueMaxMs","28.69 / 37.76 / 35.15","1.01 / 0.65 / 0.66","-27.68 / -37.11 / -34.49","35.1462000000029","0.657299999991665","True","False"
"flyout-visible","Handles","747 / 723 / 723","724 / 728 / 723","-23 / +5 / 0","723","724","False","False"
"flyout-visible","Gdi","45 / 45 / 45","45 / 45 / 45","0 / 0 / 0","45","45","False","False"
"flyout-visible","User","39 / 37 / 37","36 / 36 / 36","-3 / -1 / -1","37","36","True","False"
"flyout-visible","RowsCreated","0 / 0 / 0","0 / 0 / 0","0 / 0 / 0","0","0","False","False"
"flyout-visible","AvatarsCreated","0 / 0 / 0","0 / 0 / 0","0 / 0 / 0","0","0","False","False"
"flyout-visible","DetailRowsCreated","0 / 0 / 0","0 / 0 / 0","0 / 0 / 0","0","0","False","False"
"flyout-visible","TrayIconsCreated","0 / 0 / 0","0 / 0 / 0","0 / 0 / 0","0","0","False","False"
"tray-after-flyout","PrivateBytesMiB","189.18 / 175.07 / 188.7","152.2 / 149.55 / 151.85","-36.99 / -25.52 / -36.85","188.6953125","151.84765625","True","False"
"tray-after-flyout","PrivateWsMiB","111.18 / 105.68 / 108.04","81.92 / 87.95 / 77.68","-29.26 / -17.73 / -30.36","108.04296875","81.91796875","True","False"
"tray-after-flyout","WorkingSetMiB","236.63 / 228.88 / 231.27","203.51 / 208.21 / 199.09","-33.12 / -20.68 / -32.18","231.265625","203.51171875","True","False"
"tray-after-flyout","ManagedMiB","10.74 / 11.1 / 11.02","27.36 / 28.39 / 27.11","+16.62 / +17.28 / +16.09","11.0198593139648","27.3601112365723","False","True"
"tray-after-flyout","AllocKiBPerSecond","628.35 / 633.25 / 633.23","120.23 / 118.76 / 120.4","-508.12 / -514.49 / -512.83","633.234802689318","120.225211453789","True","False"
"tray-after-flyout","CpuOneCorePercent","3.18 / 3.13 / 3.18","1.09 / 0.78 / 0.83","-2.08 / -2.34 / -2.34","3.1769977661935","0.833314128220392","True","False"
"tray-after-flyout","GcPauseMs","15.03 / 12.5 / 12.32","0 / 0 / 0","-15.03 / -12.5 / -12.32","12.503","0","True","False"
"tray-after-flyout","UiDueP95Ms","28.25 / 27.24 / 34.5","0.75 / 0.75 / 0.61","-27.5 / -26.5 / -33.9","28.2514949999968","0.746435000000929","True","False"
"tray-after-flyout","UiDueMaxMs","58.74 / 27.39 / 43.45","1.22 / 0.88 / 0.9","-57.51 / -26.51 / -42.55","43.4541000000027","0.900299999993877","True","False"
"tray-after-flyout","Handles","735 / 712 / 713","727 / 730 / 726","-8 / +18 / +13","713","727","False","False"
"tray-after-flyout","Gdi","49 / 49 / 49","45 / 45 / 45","-4 / -4 / -4","49","45","True","False"
"tray-after-flyout","User","39 / 37 / 38","38 / 37 / 38","-1 / 0 / 0","38","38","False","False"
"tray-after-flyout","RowsCreated","60 / 60 / 60","0 / 0 / 0","-60 / -60 / -60","60","0","True","False"
"tray-after-flyout","AvatarsCreated","72 / 72 / 72","0 / 0 / 0","-72 / -72 / -72","72","0","True","False"
"tray-after-flyout","DetailRowsCreated","72 / 72 / 72","0 / 0 / 0","-72 / -72 / -72","72","0","True","False"
"tray-after-flyout","TrayIconsCreated","12 / 12 / 12","1 / 1 / 1","-11 / -11 / -11","12","1","True","False"
"widget-visible","PrivateBytesMiB","182.91 / 171.9 / 182.86","153.53 / 151.28 / 154.15","-29.38 / -20.62 / -28.71","182.86328125","153.53125","True","False"
"widget-visible","PrivateWsMiB","107.73 / 100.54 / 105.17","84.57 / 90.52 / 80.4","-23.16 / -10.02 / -24.77","105.171875","84.56640625","True","False"
"widget-visible","WorkingSetMiB","233.36 / 223.95 / 228.63","206.46 / 211.05 / 202.11","-26.9 / -12.9 / -26.52","228.625","206.4609375","True","False"
"widget-visible","ManagedMiB","13.29 / 13.69 / 13.71","29.85 / 30.92 / 29.63","+16.56 / +17.22 / +15.92","13.6943817138672","29.8505668640137","False","True"
"widget-visible","AllocKiBPerSecond","100.85 / 102.66 / 102.86","68.97 / 69.01 / 68.83","-31.89 / -33.66 / -34.03","102.663424281932","68.9662727771288","True","False"
"widget-visible","CpuOneCorePercent","0.21 / 0.21 / 0.21","0.42 / 0.31 / 0.36","+0.21 / +0.1 / +0.16","0.20833317500012","0.364597878358027","False","True"
"widget-visible","GcPauseMs","0 / 0 / 0","0 / 0 / 0","0 / 0 / 0","0","0","False","False"
"widget-visible","UiDueP95Ms","0.47 / 0.57 / 0.77","0.8 / 0.88 / 0.65","+0.33 / +0.31 / -0.12","0.571760000006179","0.800324999997974","False","False"
"widget-visible","UiDueMaxMs","0.88 / 0.67 / 0.99","1.14 / 0.98 / 0.8","+0.27 / +0.31 / -0.19","0.875599999999395","0.975000000005821","False","False"
"widget-visible","Handles","729 / 710 / 708","726 / 731 / 725","-3 / +21 / +17","710","726","False","False"
"widget-visible","Gdi","45 / 45 / 45","45 / 45 / 45","0 / 0 / 0","45","45","False","False"
"widget-visible","User","38 / 37 / 37","36 / 36 / 36","-2 / -1 / -1","37","36","True","False"
"widget-visible","RowsCreated","0 / 0 / 0","0 / 0 / 0","0 / 0 / 0","0","0","False","False"
"widget-visible","AvatarsCreated","0 / 0 / 0","0 / 0 / 0","0 / 0 / 0","0","0","False","False"
"widget-visible","DetailRowsCreated","0 / 0 / 0","0 / 0 / 0","0 / 0 / 0","0","0","False","False"
"widget-visible","TrayIconsCreated","0 / 0 / 0","0 / 0 / 0","0 / 0 / 0","0","0","False","False"
"post-refresh-widget","PrivateBytesMiB","194.44 / 179.06 / 192.39","166.94 / 163.78 / 163.3","-27.5 / -15.28 / -29.09","192.39453125","163.78125","True","False"
"post-refresh-widget","PrivateWsMiB","111.4 / 103.76 / 108.85","98.84 / 103.7 / 88.73","-12.56 / -0.06 / -20.12","108.84765625","98.8359375","True","False"
"post-refresh-widget","WorkingSetMiB","238.9 / 229.05 / 234.11","222.05 / 225.59 / 211.67","-16.85 / -3.45 / -22.43","234.10546875","222.0546875","True","False"
"post-refresh-widget","ManagedMiB","40.35 / 40.89 / 40.89","36.8 / 37.81 / 36.43","-3.55 / -3.09 / -4.46","40.8920516967773","36.8028221130371","True","False"
"post-refresh-widget","AllocKiBPerSecond","323.39 / 319.4 / 326.83","88.46 / 89.45 / 89.27","-234.94 / -229.95 / -237.56","323.394513459014","89.2677617701255","True","False"
"post-refresh-widget","CpuOneCorePercent","2.45 / 2.29 / 2.66","1.88 / 2.14 / 1.87","-0.57 / -0.16 / -0.78","2.44785345493095","1.87502567535158","True","False"
"post-refresh-widget","GcPauseMs","0 / 0 / 0","0 / 0 / 0","0 / 0 / 0","0","0","False","False"
"post-refresh-widget","UiDueP95Ms","28.34 / 27.41 / 35.54","0.94 / 0.57 / 0.48","-27.4 / -26.84 / -35.06","28.3416399999929","0.567594999993162","True","False"
"post-refresh-widget","UiDueMaxMs","29.54 / 27.53 / 37.11","1.18 / 0.69 / 1.01","-28.36 / -26.84 / -36.1","29.5401000000129","1.01210000002175","True","False"
"post-refresh-widget","Handles","735 / 717 / 716","733 / 739 / 735","-2 / +22 / +19","717","735","False","False"
"post-refresh-widget","Gdi","46 / 46 / 46","46 / 46 / 46","0 / 0 / 0","46","46","False","False"
"post-refresh-widget","User","39 / 38 / 38","38 / 37 / 38","-1 / -1 / 0","38","38","False","False"
"post-refresh-widget","RowsCreated","5 / 5 / 5","0 / 0 / 0","-5 / -5 / -5","5","0","True","False"
"post-refresh-widget","AvatarsCreated","11 / 11 / 11","0 / 0 / 0","-11 / -11 / -11","11","0","True","False"
"post-refresh-widget","DetailRowsCreated","6 / 6 / 6","0 / 0 / 0","-6 / -6 / -6","6","0","True","False"
"post-refresh-widget","TrayIconsCreated","1 / 1 / 1","0 / 0 / 0","-1 / -1 / -1","1","0","True","False"
"tray-after-refresh","PrivateBytesMiB","192.2 / 177.21 / 190.89","164.88 / 160.75 / 163.21","-27.32 / -16.46 / -27.68","190.890625","163.21484375","True","False"
"tray-after-refresh","PrivateWsMiB","103.36 / 101.66 / 106.65","94.58 / 100.09 / 90.16","-8.78 / -1.57 / -16.48","103.35546875","94.578125","True","False"
"tray-after-refresh","WorkingSetMiB","230.91 / 226.93 / 231.95","217.89 / 222 / 213.21","-13.02 / -4.93 / -18.73","230.90625","217.890625","True","False"
"tray-after-refresh","ManagedMiB","46.78 / 47.29 / 47.31","38.92 / 39.94 / 38.62","-7.86 / -7.35 / -8.7","47.2926712036133","38.9197120666504","True","False"
"tray-after-refresh","AllocKiBPerSecond","661.31 / 661.92 / 656.65","118.39 / 118.02 / 121.43","-542.92 / -543.9 / -535.22","661.30895451674","118.390224117231","True","False"
"tray-after-refresh","CpuOneCorePercent","0.68 / 0.42 / 0.89","0.16 / 0.31 / 0.21","-0.52 / -0.1 / -0.68","0.677094101386525","0.208330752115314","True","False"
"tray-after-refresh","GcPauseMs","11.78 / 11.46 / 11.94","0 / 0 / 0","-11.78 / -11.46 / -11.94","11.78","0","True","False"
"tray-after-refresh","UiDueP95Ms","31.96 / 27.31 / 34.76","0.85 / 0.64 / 0.61","-31.1 / -26.67 / -34.15","31.9556400000132","0.64393499999569","True","False"
"tray-after-refresh","UiDueMaxMs","33.55 / 27.74 / 35.38","1.07 / 1 / 1.02","-32.49 / -26.73 / -34.36","33.5536000000138","1.02370000001974","True","False"
"tray-after-refresh","Handles","732 / 712 / 717","729 / 734 / 733","-3 / +22 / +16","717","733","False","False"
"tray-after-refresh","Gdi","46 / 46 / 46","46 / 46 / 46","0 / 0 / 0","46","46","False","False"
"tray-after-refresh","User","39 / 37 / 37","36 / 36 / 37","-3 / -1 / 0","37","36","False","False"
"tray-after-refresh","RowsCreated","55 / 55 / 55","0 / 0 / 0","-55 / -55 / -55","55","0","True","False"
"tray-after-refresh","AvatarsCreated","66 / 66 / 66","0 / 0 / 0","-66 / -66 / -66","66","0","True","False"
"tray-after-refresh","DetailRowsCreated","66 / 66 / 66","0 / 0 / 0","-66 / -66 / -66","66","0","True","False"
"tray-after-refresh","TrayIconsCreated","11 / 11 / 11","1 / 1 / 1","-10 / -10 / -10","11","1","True","False"
"widget-after-churn","PrivateBytesMiB","251.37 / 236.62 / 237.14","202.28 / 198.73 / 204.12","-49.09 / -37.89 / -33.02","237.140625","202.27734375","True","False"
"widget-after-churn","PrivateWsMiB","115.31 / 118.1 / 121.66","104.39 / 115.64 / 106.53","-10.92 / -2.46 / -15.13","118.1015625","106.53125","True","False"
"widget-after-churn","WorkingSetMiB","244.38 / 244.97 / 248.57","230.91 / 242.87 / 233.44","-13.47 / -2.11 / -15.13","244.97265625","233.44140625","True","False"
"widget-after-churn","ManagedMiB","50.39 / 51.26 / 50.92","18.65 / 19.27 / 18.8","-31.74 / -31.98 / -32.13","50.9216766357422","18.7962417602539","True","False"
"widget-after-churn","AllocKiBPerSecond","168.21 / 167.25 / 167.5","81.11 / 80.28 / 79.84","-87.11 / -86.96 / -87.66","167.501604487985","80.283768202938","True","False"
"widget-after-churn","CpuOneCorePercent","0.1 / 0.16 / 0.16","0.05 / 0.1 / 0.05","-0.05 / -0.05 / -0.1","0.156244559043639","0.052084441169397","True","False"
"widget-after-churn","GcPauseMs","0 / 0 / 0","0 / 0 / 0","0 / 0 / 0","0","0","False","False"
"widget-after-churn","UiDueP95Ms","0.71 / 0.7 / 0.63","1.18 / 0.46 / 0.31","+0.47 / -0.24 / -0.32","0.700390000014158","0.461180000011518","False","False"
"widget-after-churn","UiDueMaxMs","0.98 / 1.06 / 0.95","1.24 / 0.68 / 0.5","+0.26 / -0.37 / -0.45","0.981100000033621","0.684600000007777","False","False"
"widget-after-churn","Handles","729 / 703 / 700","706 / 710 / 704","-23 / +7 / +4","703","706","False","False"
"widget-after-churn","Gdi","46 / 46 / 46","46 / 46 / 46","0 / 0 / 0","46","46","False","False"
"widget-after-churn","User","38 / 36 / 35","36 / 36.5 / 37","-2 / +0.5 / +2","36","36.5","False","False"
"widget-after-churn","RowsCreated","5 / 5 / 5","0 / 0 / 0","-5 / -5 / -5","5","0","True","False"
"widget-after-churn","AvatarsCreated","11 / 11 / 11","0 / 0 / 0","-11 / -11 / -11","11","0","True","False"
"widget-after-churn","DetailRowsCreated","6 / 6 / 6","0 / 0 / 0","-6 / -6 / -6","6","0","True","False"
"widget-after-churn","TrayIconsCreated","1 / 1 / 1","0 / 0 / 0","-1 / -1 / -1","1","0","True","False"
