"Transition","Count","BeforeMedianIdleMs","AfterMedianIdleMs","BeforeMaxIdleMs","AfterMaxIdleMs","BeforeRows","AfterRows","BeforeAvatars","AfterAvatars","BeforeTray","AfterTray"
"churn-close-flyout","5","13.5 / 9.7 / 14.4","8.4 / 9.8 / 13.5","21.8 / 19.8 / 22","15.7 / 20 / 19.3","0 / 0 / 0","0 / 0 / 0","0 / 0 / 0","0 / 0 / 0","0 / 0 / 0","0 / 0 / 0"
"churn-open-flyout","5","12.3 / 18.7 / 14.3","7.8 / 7.5 / 6.6","20.2 / 32.4 / 36.1","14.4 / 11.8 / 14.6","0 / 0 / 0","0 / 0 / 0","16 / 16 / 16","16 / 14 / 14","0 / 0 / 0","0 / 0 / 0"
"churn-switch-hidden","5","11.5 / 11 / 11.7","11.2 / 11.2 / 11.5","21.8 / 19.8 / 16","17.3 / 17.3 / 17.9","0 / 0 / 0","0 / 0 / 0","0 / 0 / 0","0 / 0 / 0","5 / 5 / 5","5 / 5 / 5"
"churn-switch-visible","5","26.8 / 31 / 22.3","21.1 / 24.3 / 20.2","36.7 / 44.5 / 43","34.8 / 59.6 / 40.1","0 / 0 / 0","0 / 0 / 0","14 / 14 / 14","14 / 14 / 14","5 / 5 / 5","5 / 5 / 5"
"hide-flyout","1","14.1 / 12.9 / 7.8","14.8 / 6.7 / 13.8","14.1 / 12.9 / 7.8","14.8 / 6.7 / 13.8","0 / 0 / 0","0 / 0 / 0","0 / 0 / 0","0 / 0 / 0","0 / 0 / 0","0 / 0 / 0"
"hide-widget","1","19.2 / 14.4 / 22.8","15.2 / 17.4 / 24.6","19.2 / 14.4 / 22.8","15.2 / 17.4 / 24.6","0 / 0 / 0","0 / 0 / 0","0 / 0 / 0","0 / 0 / 0","0 / 0 / 0","0 / 0 / 0"
"hide-widget-before-flyout","1","23.1 / 6.2 / 11.2","18.5 / 9.1 / 27.6","23.1 / 6.2 / 11.2","18.5 / 9.1 / 27.6","0 / 0 / 0","0 / 0 / 0","0 / 0 / 0","0 / 0 / 0","0 / 0 / 0","0 / 0 / 0"
"show-flyout","1","138.1 / 140.3 / 101.4","100.6 / 99 / 76.7","138.1 / 140.3 / 101.4","100.6 / 99 / 76.7","5 / 5 / 5","5 / 5 / 5","6 / 6 / 6","6 / 6 / 6","0 / 0 / 0","0 / 0 / 0"
"show-widget","1","12.4 / 11.5 / 13.1","12.1 / 12.2 / 12.3","12.4 / 11.5 / 13.1","12.1 / 12.2 / 12.3","0 / 0 / 0","0 / 0 / 0","0 / 0 / 0","0 / 0 / 0","0 / 0 / 0","0 / 0 / 0"
"show-widget-before-flyout","1","689.7 / 429.4 / 461.5","747.5 / 418.8 / 461","689.7 / 429.4 / 461.5","747.5 / 418.8 / 461","0 / 0 / 0","0 / 0 / 0","5 / 5 / 5","5 / 5 / 5","0 / 0 / 0","0 / 0 / 0"
"show-widget-churn","1","11.1 / 9.7 / 10.3","22.2 / 9.4 / 12.8","11.1 / 9.7 / 10.3","22.2 / 9.4 / 12.8","0 / 0 / 0","0 / 0 / 0","0 / 0 / 0","0 / 0 / 0","0 / 0 / 0","0 / 0 / 0"
